date,0
2012-01-01,12797.0
2012-01-02,12797.0
2012-01-03,12797.0
2012-01-04,12797.0
2012-01-05,12797.0
2012-01-06,12797.0
2012-01-07,12797.0
2012-01-08,12797.0
2012-01-09,12797.0
2012-01-10,12797.0
2012-01-11,12797.0
2012-01-12,12797.0
2012-01-13,12797.0
2012-01-14,12797.0
2012-01-15,12797.0
2012-01-16,12797.0
2012-01-17,12797.0
2012-01-18,12797.0
2012-01-19,12797.0
2012-01-20,12797.0
2012-01-21,12797.0
2012-01-22,12797.0
2012-01-23,12797.0
2012-01-24,12797.0
2012-01-25,12797.0
2012-01-26,12797.0
2012-01-27,12797.0
2012-01-28,12797.0
2012-01-29,12797.0
2012-01-30,12797.0
2012-01-31,12797.0
2012-02-01,12813.0
2012-02-02,12813.0
2012-02-03,12813.0
2012-02-04,12813.0
2012-02-05,12813.0
2012-02-06,12813.0
2012-02-07,12813.0
2012-02-08,12813.0
2012-02-09,12813.0
2012-02-10,12813.0
2012-02-11,12813.0
2012-02-12,12813.0
2012-02-13,12813.0
2012-02-14,12813.0
2012-02-15,12813.0
2012-02-16,12813.0
2012-02-17,12813.0
2012-02-18,12813.0
2012-02-19,12813.0
2012-02-20,12813.0
2012-02-21,12813.0
2012-02-22,12813.0
2012-02-23,12813.0
2012-02-24,12813.0
2012-02-25,12813.0
2012-02-26,12813.0
2012-02-27,12813.0
2012-02-28,12813.0
2012-02-29,12813.0
2012-03-01,12713.0
2012-03-02,12713.0
2012-03-03,12713.0
2012-03-04,12713.0
2012-03-05,12713.0
2012-03-06,12713.0
2012-03-07,12713.0
2012-03-08,12713.0
2012-03-09,12713.0
2012-03-10,12713.0
2012-03-11,12713.0
2012-03-12,12713.0
2012-03-13,12713.0
2012-03-14,12713.0
2012-03-15,12713.0
2012-03-16,12713.0
2012-03-17,12713.0
2012-03-18,12713.0
2012-03-19,12713.0
2012-03-20,12713.0
2012-03-21,12713.0
2012-03-22,12713.0
2012-03-23,12713.0
2012-03-24,12713.0
2012-03-25,12713.0
2012-03-26,12713.0
2012-03-27,12713.0
2012-03-28,12713.0
2012-03-29,12713.0
2012-03-30,12713.0
2012-03-31,12713.0
2012-04-01,12646.0
2012-04-02,12646.0
2012-04-03,12646.0
2012-04-04,12646.0
2012-04-05,12646.0
2012-04-06,12646.0
2012-04-07,12646.0
2012-04-08,12646.0
2012-04-09,12646.0
2012-04-10,12646.0
2012-04-11,12646.0
2012-04-12,12646.0
2012-04-13,12646.0
2012-04-14,12646.0
2012-04-15,12646.0
2012-04-16,12646.0
2012-04-17,12646.0
2012-04-18,12646.0
2012-04-19,12646.0
2012-04-20,12646.0
2012-04-21,12646.0
2012-04-22,12646.0
2012-04-23,12646.0
2012-04-24,12646.0
2012-04-25,12646.0
2012-04-26,12646.0
2012-04-27,12646.0
2012-04-28,12646.0
2012-04-29,12646.0
2012-04-30,12646.0
2012-05-01,12660.0
2012-05-02,12660.0
2012-05-03,12660.0
2012-05-04,12660.0
2012-05-05,12660.0
2012-05-06,12660.0
2012-05-07,12660.0
2012-05-08,12660.0
2012-05-09,12660.0
2012-05-10,12660.0
2012-05-11,12660.0
2012-05-12,12660.0
2012-05-13,12660.0
2012-05-14,12660.0
2012-05-15,12660.0
2012-05-16,12660.0
2012-05-17,12660.0
2012-05-18,12660.0
2012-05-19,12660.0
2012-05-20,12660.0
2012-05-21,12660.0
2012-05-22,12660.0
2012-05-23,12660.0
2012-05-24,12660.0
2012-05-25,12660.0
2012-05-26,12660.0
2012-05-27,12660.0
2012-05-28,12660.0
2012-05-29,12660.0
2012-05-30,12660.0
2012-05-31,12660.0
2012-06-01,12692.0
2012-06-02,12692.0
2012-06-03,12692.0
2012-06-04,12692.0
2012-06-05,12692.0
2012-06-06,12692.0
2012-06-07,12692.0
2012-06-08,12692.0
2012-06-09,12692.0
2012-06-10,12692.0
2012-06-11,12692.0
2012-06-12,12692.0
2012-06-13,12692.0
2012-06-14,12692.0
2012-06-15,12692.0
2012-06-16,12692.0
2012-06-17,12692.0
2012-06-18,12692.0
2012-06-19,12692.0
2012-06-20,12692.0
2012-06-21,12692.0
2012-06-22,12692.0
2012-06-23,12692.0
2012-06-24,12692.0
2012-06-25,12692.0
2012-06-26,12692.0
2012-06-27,12692.0
2012-06-28,12692.0
2012-06-29,12692.0
2012-06-30,12692.0
2012-07-01,12656.0
2012-07-02,12656.0
2012-07-03,12656.0
2012-07-04,12656.0
2012-07-05,12656.0
2012-07-06,12656.0
2012-07-07,12656.0
2012-07-08,12656.0
2012-07-09,12656.0
2012-07-10,12656.0
2012-07-11,12656.0
2012-07-12,12656.0
2012-07-13,12656.0
2012-07-14,12656.0
2012-07-15,12656.0
2012-07-16,12656.0
2012-07-17,12656.0
2012-07-18,12656.0
2012-07-19,12656.0
2012-07-20,12656.0
2012-07-21,12656.0
2012-07-22,12656.0
2012-07-23,12656.0
2012-07-24,12656.0
2012-07-25,12656.0
2012-07-26,12656.0
2012-07-27,12656.0
2012-07-28,12656.0
2012-07-29,12656.0
2012-07-30,12656.0
2012-07-31,12656.0
2012-08-01,12471.0
2012-08-02,12471.0
2012-08-03,12471.0
2012-08-04,12471.0
2012-08-05,12471.0
2012-08-06,12471.0
2012-08-07,12471.0
2012-08-08,12471.0
2012-08-09,12471.0
2012-08-10,12471.0
2012-08-11,12471.0
2012-08-12,12471.0
2012-08-13,12471.0
2012-08-14,12471.0
2012-08-15,12471.0
2012-08-16,12471.0
2012-08-17,12471.0
2012-08-18,12471.0
2012-08-19,12471.0
2012-08-20,12471.0
2012-08-21,12471.0
2012-08-22,12471.0
2012-08-23,12471.0
2012-08-24,12471.0
2012-08-25,12471.0
2012-08-26,12471.0
2012-08-27,12471.0
2012-08-28,12471.0
2012-08-29,12471.0
2012-08-30,12471.0
2012-08-31,12471.0
2012-09-01,12115.0
2012-09-02,12115.0
2012-09-03,12115.0
2012-09-04,12115.0
2012-09-05,12115.0
2012-09-06,12115.0
2012-09-07,12115.0
2012-09-08,12115.0
2012-09-09,12115.0
2012-09-10,12115.0
2012-09-11,12115.0
2012-09-12,12115.0
2012-09-13,12115.0
2012-09-14,12115.0
2012-09-15,12115.0
2012-09-16,12115.0
2012-09-17,12115.0
2012-09-18,12115.0
2012-09-19,12115.0
2012-09-20,12115.0
2012-09-21,12115.0
2012-09-22,12115.0
2012-09-23,12115.0
2012-09-24,12115.0
2012-09-25,12115.0
2012-09-26,12115.0
2012-09-27,12115.0
2012-09-28,12115.0
2012-09-29,12115.0
2012-09-30,12115.0
2012-10-01,12124.0
2012-10-02,12124.0
2012-10-03,12124.0
2012-10-04,12124.0
2012-10-05,12124.0
2012-10-06,12124.0
2012-10-07,12124.0
2012-10-08,12124.0
2012-10-09,12124.0
2012-10-10,12124.0
2012-10-11,12124.0
2012-10-12,12124.0
2012-10-13,12124.0
2012-10-14,12124.0
2012-10-15,12124.0
2012-10-16,12124.0
2012-10-17,12124.0
2012-10-18,12124.0
2012-10-19,12124.0
2012-10-20,12124.0
2012-10-21,12124.0
2012-10-22,12124.0
2012-10-23,12124.0
2012-10-24,12124.0
2012-10-25,12124.0
2012-10-26,12124.0
2012-10-27,12124.0
2012-10-28,12124.0
2012-10-29,12124.0
2012-10-30,12124.0
2012-10-31,12124.0
2012-11-01,12005.0
2012-11-02,12005.0
2012-11-03,12005.0
2012-11-04,12005.0
2012-11-05,12005.0
2012-11-06,12005.0
2012-11-07,12005.0
2012-11-08,12005.0
2012-11-09,12005.0
2012-11-10,12005.0
2012-11-11,12005.0
2012-11-12,12005.0
2012-11-13,12005.0
2012-11-14,12005.0
2012-11-15,12005.0
2012-11-16,12005.0
2012-11-17,12005.0
2012-11-18,12005.0
2012-11-19,12005.0
2012-11-20,12005.0
2012-11-21,12005.0
2012-11-22,12005.0
2012-11-23,12005.0
2012-11-24,12005.0
2012-11-25,12005.0
2012-11-26,12005.0
2012-11-27,12005.0
2012-11-28,12005.0
2012-11-29,12005.0
2012-11-30,12005.0
2012-12-01,12298.0
2012-12-02,12298.0
2012-12-03,12298.0
2012-12-04,12298.0
2012-12-05,12298.0
2012-12-06,12298.0
2012-12-07,12298.0
2012-12-08,12298.0
2012-12-09,12298.0
2012-12-10,12298.0
2012-12-11,12298.0
2012-12-12,12298.0
2012-12-13,12298.0
2012-12-14,12298.0
2012-12-15,12298.0
2012-12-16,12298.0
2012-12-17,12298.0
2012-12-18,12298.0
2012-12-19,12298.0
2012-12-20,12298.0
2012-12-21,12298.0
2012-12-22,12298.0
2012-12-23,12298.0
2012-12-24,12298.0
2012-12-25,12298.0
2012-12-26,12298.0
2012-12-27,12298.0
2012-12-28,12298.0
2012-12-29,12298.0
2012-12-30,12298.0
2012-12-31,12298.0
2013-01-01,12471.0
2013-01-02,12471.0
2013-01-03,12471.0
2013-01-04,12471.0
2013-01-05,12471.0
2013-01-06,12471.0
2013-01-07,12471.0
2013-01-08,12471.0
2013-01-09,12471.0
2013-01-10,12471.0
2013-01-11,12471.0
2013-01-12,12471.0
2013-01-13,12471.0
2013-01-14,12471.0
2013-01-15,12471.0
2013-01-16,12471.0
2013-01-17,12471.0
2013-01-18,12471.0
2013-01-19,12471.0
2013-01-20,12471.0
2013-01-21,12471.0
2013-01-22,12471.0
2013-01-23,12471.0
2013-01-24,12471.0
2013-01-25,12471.0
2013-01-26,12471.0
2013-01-27,12471.0
2013-01-28,12471.0
2013-01-29,12471.0
2013-01-30,12471.0
2013-01-31,12471.0
2013-02-01,11950.0
2013-02-02,11950.0
2013-02-03,11950.0
2013-02-04,11950.0
2013-02-05,11950.0
2013-02-06,11950.0
2013-02-07,11950.0
2013-02-08,11950.0
2013-02-09,11950.0
2013-02-10,11950.0
2013-02-11,11950.0
2013-02-12,11950.0
2013-02-13,11950.0
2013-02-14,11950.0
2013-02-15,11950.0
2013-02-16,11950.0
2013-02-17,11950.0
2013-02-18,11950.0
2013-02-19,11950.0
2013-02-20,11950.0
2013-02-21,11950.0
2013-02-22,11950.0
2013-02-23,11950.0
2013-02-24,11950.0
2013-02-25,11950.0
2013-02-26,11950.0
2013-02-27,11950.0
2013-02-28,11950.0
2013-03-01,11689.0
2013-03-02,11689.0
2013-03-03,11689.0
2013-03-04,11689.0
2013-03-05,11689.0
2013-03-06,11689.0
2013-03-07,11689.0
2013-03-08,11689.0
2013-03-09,11689.0
2013-03-10,11689.0
2013-03-11,11689.0
2013-03-12,11689.0
2013-03-13,11689.0
2013-03-14,11689.0
2013-03-15,11689.0
2013-03-16,11689.0
2013-03-17,11689.0
2013-03-18,11689.0
2013-03-19,11689.0
2013-03-20,11689.0
2013-03-21,11689.0
2013-03-22,11689.0
2013-03-23,11689.0
2013-03-24,11689.0
2013-03-25,11689.0
2013-03-26,11689.0
2013-03-27,11689.0
2013-03-28,11689.0
2013-03-29,11689.0
2013-03-30,11689.0
2013-03-31,11689.0
2013-04-01,11760.0
2013-04-02,11760.0
2013-04-03,11760.0
2013-04-04,11760.0
2013-04-05,11760.0
2013-04-06,11760.0
2013-04-07,11760.0
2013-04-08,11760.0
2013-04-09,11760.0
2013-04-10,11760.0
2013-04-11,11760.0
2013-04-12,11760.0
2013-04-13,11760.0
2013-04-14,11760.0
2013-04-15,11760.0
2013-04-16,11760.0
2013-04-17,11760.0
2013-04-18,11760.0
2013-04-19,11760.0
2013-04-20,11760.0
2013-04-21,11760.0
2013-04-22,11760.0
2013-04-23,11760.0
2013-04-24,11760.0
2013-04-25,11760.0
2013-04-26,11760.0
2013-04-27,11760.0
2013-04-28,11760.0
2013-04-29,11760.0
2013-04-30,11760.0
2013-05-01,11654.0
2013-05-02,11654.0
2013-05-03,11654.0
2013-05-04,11654.0
2013-05-05,11654.0
2013-05-06,11654.0
2013-05-07,11654.0
2013-05-08,11654.0
2013-05-09,11654.0
2013-05-10,11654.0
2013-05-11,11654.0
2013-05-12,11654.0
2013-05-13,11654.0
2013-05-14,11654.0
2013-05-15,11654.0
2013-05-16,11654.0
2013-05-17,11654.0
2013-05-18,11654.0
2013-05-19,11654.0
2013-05-20,11654.0
2013-05-21,11654.0
2013-05-22,11654.0
2013-05-23,11654.0
2013-05-24,11654.0
2013-05-25,11654.0
2013-05-26,11654.0
2013-05-27,11654.0
2013-05-28,11654.0
2013-05-29,11654.0
2013-05-30,11654.0
2013-05-31,11654.0
2013-06-01,11751.0
2013-06-02,11751.0
2013-06-03,11751.0
2013-06-04,11751.0
2013-06-05,11751.0
2013-06-06,11751.0
2013-06-07,11751.0
2013-06-08,11751.0
2013-06-09,11751.0
2013-06-10,11751.0
2013-06-11,11751.0
2013-06-12,11751.0
2013-06-13,11751.0
2013-06-14,11751.0
2013-06-15,11751.0
2013-06-16,11751.0
2013-06-17,11751.0
2013-06-18,11751.0
2013-06-19,11751.0
2013-06-20,11751.0
2013-06-21,11751.0
2013-06-22,11751.0
2013-06-23,11751.0
2013-06-24,11751.0
2013-06-25,11751.0
2013-06-26,11751.0
2013-06-27,11751.0
2013-06-28,11751.0
2013-06-29,11751.0
2013-06-30,11751.0
2013-07-01,11335.0
2013-07-02,11335.0
2013-07-03,11335.0
2013-07-04,11335.0
2013-07-05,11335.0
2013-07-06,11335.0
2013-07-07,11335.0
2013-07-08,11335.0
2013-07-09,11335.0
2013-07-10,11335.0
2013-07-11,11335.0
2013-07-12,11335.0
2013-07-13,11335.0
2013-07-14,11335.0
2013-07-15,11335.0
2013-07-16,11335.0
2013-07-17,11335.0
2013-07-18,11335.0
2013-07-19,11335.0
2013-07-20,11335.0
2013-07-21,11335.0
2013-07-22,11335.0
2013-07-23,11335.0
2013-07-24,11335.0
2013-07-25,11335.0
2013-07-26,11335.0
2013-07-27,11335.0
2013-07-28,11335.0
2013-07-29,11335.0
2013-07-30,11335.0
2013-07-31,11335.0
2013-08-01,11279.0
2013-08-02,11279.0
2013-08-03,11279.0
2013-08-04,11279.0
2013-08-05,11279.0
2013-08-06,11279.0
2013-08-07,11279.0
2013-08-08,11279.0
2013-08-09,11279.0
2013-08-10,11279.0
2013-08-11,11279.0
2013-08-12,11279.0
2013-08-13,11279.0
2013-08-14,11279.0
2013-08-15,11279.0
2013-08-16,11279.0
2013-08-17,11279.0
2013-08-18,11279.0
2013-08-19,11279.0
2013-08-20,11279.0
2013-08-21,11279.0
2013-08-22,11279.0
2013-08-23,11279.0
2013-08-24,11279.0
2013-08-25,11279.0
2013-08-26,11279.0
2013-08-27,11279.0
2013-08-28,11279.0
2013-08-29,11279.0
2013-08-30,11279.0
2013-08-31,11279.0
2013-09-01,11270.0
2013-09-02,11270.0
2013-09-03,11270.0
2013-09-04,11270.0
2013-09-05,11270.0
2013-09-06,11270.0
2013-09-07,11270.0
2013-09-08,11270.0
2013-09-09,11270.0
2013-09-10,11270.0
2013-09-11,11270.0
2013-09-12,11270.0
2013-09-13,11270.0
2013-09-14,11270.0
2013-09-15,11270.0
2013-09-16,11270.0
2013-09-17,11270.0
2013-09-18,11270.0
2013-09-19,11270.0
2013-09-20,11270.0
2013-09-21,11270.0
2013-09-22,11270.0
2013-09-23,11270.0
2013-09-24,11270.0
2013-09-25,11270.0
2013-09-26,11270.0
2013-09-27,11270.0
2013-09-28,11270.0
2013-09-29,11270.0
2013-09-30,11270.0
2013-10-01,11136.0
2013-10-02,11136.0
2013-10-03,11136.0
2013-10-04,11136.0
2013-10-05,11136.0
2013-10-06,11136.0
2013-10-07,11136.0
2013-10-08,11136.0
2013-10-09,11136.0
2013-10-10,11136.0
2013-10-11,11136.0
2013-10-12,11136.0
2013-10-13,11136.0
2013-10-14,11136.0
2013-10-15,11136.0
2013-10-16,11136.0
2013-10-17,11136.0
2013-10-18,11136.0
2013-10-19,11136.0
2013-10-20,11136.0
2013-10-21,11136.0
2013-10-22,11136.0
2013-10-23,11136.0
2013-10-24,11136.0
2013-10-25,11136.0
2013-10-26,11136.0
2013-10-27,11136.0
2013-10-28,11136.0
2013-10-29,11136.0
2013-10-30,11136.0
2013-10-31,11136.0
2013-11-01,10787.0
2013-11-02,10787.0
2013-11-03,10787.0
2013-11-04,10787.0
2013-11-05,10787.0
2013-11-06,10787.0
2013-11-07,10787.0
2013-11-08,10787.0
2013-11-09,10787.0
2013-11-10,10787.0
2013-11-11,10787.0
2013-11-12,10787.0
2013-11-13,10787.0
2013-11-14,10787.0
2013-11-15,10787.0
2013-11-16,10787.0
2013-11-17,10787.0
2013-11-18,10787.0
2013-11-19,10787.0
2013-11-20,10787.0
2013-11-21,10787.0
2013-11-22,10787.0
2013-11-23,10787.0
2013-11-24,10787.0
2013-11-25,10787.0
2013-11-26,10787.0
2013-11-27,10787.0
2013-11-28,10787.0
2013-11-29,10787.0
2013-11-30,10787.0
2013-12-01,10404.0
2013-12-02,10404.0
2013-12-03,10404.0
2013-12-04,10404.0
2013-12-05,10404.0
2013-12-06,10404.0
2013-12-07,10404.0
2013-12-08,10404.0
2013-12-09,10404.0
2013-12-10,10404.0
2013-12-11,10404.0
2013-12-12,10404.0
2013-12-13,10404.0
2013-12-14,10404.0
2013-12-15,10404.0
2013-12-16,10404.0
2013-12-17,10404.0
2013-12-18,10404.0
2013-12-19,10404.0
2013-12-20,10404.0
2013-12-21,10404.0
2013-12-22,10404.0
2013-12-23,10404.0
2013-12-24,10404.0
2013-12-25,10404.0
2013-12-26,10404.0
2013-12-27,10404.0
2013-12-28,10404.0
2013-12-29,10404.0
2013-12-30,10404.0
2013-12-31,10404.0
2014-01-01,10202.0
2014-01-02,10202.0
2014-01-03,10202.0
2014-01-04,10202.0
2014-01-05,10202.0
2014-01-06,10202.0
2014-01-07,10202.0
2014-01-08,10202.0
2014-01-09,10202.0
2014-01-10,10202.0
2014-01-11,10202.0
2014-01-12,10202.0
2014-01-13,10202.0
2014-01-14,10202.0
2014-01-15,10202.0
2014-01-16,10202.0
2014-01-17,10202.0
2014-01-18,10202.0
2014-01-19,10202.0
2014-01-20,10202.0
2014-01-21,10202.0
2014-01-22,10202.0
2014-01-23,10202.0
2014-01-24,10202.0
2014-01-25,10202.0
2014-01-26,10202.0
2014-01-27,10202.0
2014-01-28,10202.0
2014-01-29,10202.0
2014-01-30,10202.0
2014-01-31,10202.0
2014-02-01,10349.0
2014-02-02,10349.0
2014-02-03,10349.0
2014-02-04,10349.0
2014-02-05,10349.0
2014-02-06,10349.0
2014-02-07,10349.0
2014-02-08,10349.0
2014-02-09,10349.0
2014-02-10,10349.0
2014-02-11,10349.0
2014-02-12,10349.0
2014-02-13,10349.0
2014-02-14,10349.0
2014-02-15,10349.0
2014-02-16,10349.0
2014-02-17,10349.0
2014-02-18,10349.0
2014-02-19,10349.0
2014-02-20,10349.0
2014-02-21,10349.0
2014-02-22,10349.0
2014-02-23,10349.0
2014-02-24,10349.0
2014-02-25,10349.0
2014-02-26,10349.0
2014-02-27,10349.0
2014-02-28,10349.0
2014-03-01,10380.0
2014-03-02,10380.0
2014-03-03,10380.0
2014-03-04,10380.0
2014-03-05,10380.0
2014-03-06,10380.0
2014-03-07,10380.0
2014-03-08,10380.0
2014-03-09,10380.0
2014-03-10,10380.0
2014-03-11,10380.0
2014-03-12,10380.0
2014-03-13,10380.0
2014-03-14,10380.0
2014-03-15,10380.0
2014-03-16,10380.0
2014-03-17,10380.0
2014-03-18,10380.0
2014-03-19,10380.0
2014-03-20,10380.0
2014-03-21,10380.0
2014-03-22,10380.0
2014-03-23,10380.0
2014-03-24,10380.0
2014-03-25,10380.0
2014-03-26,10380.0
2014-03-27,10380.0
2014-03-28,10380.0
2014-03-29,10380.0
2014-03-30,10380.0
2014-03-31,10380.0
2014-04-01,9702.0
2014-04-02,9702.0
2014-04-03,9702.0
2014-04-04,9702.0
2014-04-05,9702.0
2014-04-06,9702.0
2014-04-07,9702.0
2014-04-08,9702.0
2014-04-09,9702.0
2014-04-10,9702.0
2014-04-11,9702.0
2014-04-12,9702.0
2014-04-13,9702.0
2014-04-14,9702.0
2014-04-15,9702.0
2014-04-16,9702.0
2014-04-17,9702.0
2014-04-18,9702.0
2014-04-19,9702.0
2014-04-20,9702.0
2014-04-21,9702.0
2014-04-22,9702.0
2014-04-23,9702.0
2014-04-24,9702.0
2014-04-25,9702.0
2014-04-26,9702.0
2014-04-27,9702.0
2014-04-28,9702.0
2014-04-29,9702.0
2014-04-30,9702.0
2014-05-01,9859.0
2014-05-02,9859.0
2014-05-03,9859.0
2014-05-04,9859.0
2014-05-05,9859.0
2014-05-06,9859.0
2014-05-07,9859.0
2014-05-08,9859.0
2014-05-09,9859.0
2014-05-10,9859.0
2014-05-11,9859.0
2014-05-12,9859.0
2014-05-13,9859.0
2014-05-14,9859.0
2014-05-15,9859.0
2014-05-16,9859.0
2014-05-17,9859.0
2014-05-18,9859.0
2014-05-19,9859.0
2014-05-20,9859.0
2014-05-21,9859.0
2014-05-22,9859.0
2014-05-23,9859.0
2014-05-24,9859.0
2014-05-25,9859.0
2014-05-26,9859.0
2014-05-27,9859.0
2014-05-28,9859.0
2014-05-29,9859.0
2014-05-30,9859.0
2014-05-31,9859.0
2014-06-01,9460.0
2014-06-02,9460.0
2014-06-03,9460.0
2014-06-04,9460.0
2014-06-05,9460.0
2014-06-06,9460.0
2014-06-07,9460.0
2014-06-08,9460.0
2014-06-09,9460.0
2014-06-10,9460.0
2014-06-11,9460.0
2014-06-12,9460.0
2014-06-13,9460.0
2014-06-14,9460.0
2014-06-15,9460.0
2014-06-16,9460.0
2014-06-17,9460.0
2014-06-18,9460.0
2014-06-19,9460.0
2014-06-20,9460.0
2014-06-21,9460.0
2014-06-22,9460.0
2014-06-23,9460.0
2014-06-24,9460.0
2014-06-25,9460.0
2014-06-26,9460.0
2014-06-27,9460.0
2014-06-28,9460.0
2014-06-29,9460.0
2014-06-30,9460.0
2014-07-01,9608.0
2014-07-02,9608.0
2014-07-03,9608.0
2014-07-04,9608.0
2014-07-05,9608.0
2014-07-06,9608.0
2014-07-07,9608.0
2014-07-08,9608.0
2014-07-09,9608.0
2014-07-10,9608.0
2014-07-11,9608.0
2014-07-12,9608.0
2014-07-13,9608.0
2014-07-14,9608.0
2014-07-15,9608.0
2014-07-16,9608.0
2014-07-17,9608.0
2014-07-18,9608.0
2014-07-19,9608.0
2014-07-20,9608.0
2014-07-21,9608.0
2014-07-22,9608.0
2014-07-23,9608.0
2014-07-24,9608.0
2014-07-25,9608.0
2014-07-26,9608.0
2014-07-27,9608.0
2014-07-28,9608.0
2014-07-29,9608.0
2014-07-30,9608.0
2014-07-31,9608.0
2014-08-01,9599.0
2014-08-02,9599.0
2014-08-03,9599.0
2014-08-04,9599.0
2014-08-05,9599.0
2014-08-06,9599.0
2014-08-07,9599.0
2014-08-08,9599.0
2014-08-09,9599.0
2014-08-10,9599.0
2014-08-11,9599.0
2014-08-12,9599.0
2014-08-13,9599.0
2014-08-14,9599.0
2014-08-15,9599.0
2014-08-16,9599.0
2014-08-17,9599.0
2014-08-18,9599.0
2014-08-19,9599.0
2014-08-20,9599.0
2014-08-21,9599.0
2014-08-22,9599.0
2014-08-23,9599.0
2014-08-24,9599.0
2014-08-25,9599.0
2014-08-26,9599.0
2014-08-27,9599.0
2014-08-28,9599.0
2014-08-29,9599.0
2014-08-30,9599.0
2014-08-31,9599.0
2014-09-01,9262.0
2014-09-02,9262.0
2014-09-03,9262.0
2014-09-04,9262.0
2014-09-05,9262.0
2014-09-06,9262.0
2014-09-07,9262.0
2014-09-08,9262.0
2014-09-09,9262.0
2014-09-10,9262.0
2014-09-11,9262.0
2014-09-12,9262.0
2014-09-13,9262.0
2014-09-14,9262.0
2014-09-15,9262.0
2014-09-16,9262.0
2014-09-17,9262.0
2014-09-18,9262.0
2014-09-19,9262.0
2014-09-20,9262.0
2014-09-21,9262.0
2014-09-22,9262.0
2014-09-23,9262.0
2014-09-24,9262.0
2014-09-25,9262.0
2014-09-26,9262.0
2014-09-27,9262.0
2014-09-28,9262.0
2014-09-29,9262.0
2014-09-30,9262.0
2014-10-01,8990.0
2014-10-02,8990.0
2014-10-03,8990.0
2014-10-04,8990.0
2014-10-05,8990.0
2014-10-06,8990.0
2014-10-07,8990.0
2014-10-08,8990.0
2014-10-09,8990.0
2014-10-10,8990.0
2014-10-11,8990.0
2014-10-12,8990.0
2014-10-13,8990.0
2014-10-14,8990.0
2014-10-15,8990.0
2014-10-16,8990.0
2014-10-17,8990.0
2014-10-18,8990.0
2014-10-19,8990.0
2014-10-20,8990.0
2014-10-21,8990.0
2014-10-22,8990.0
2014-10-23,8990.0
2014-10-24,8990.0
2014-10-25,8990.0
2014-10-26,8990.0
2014-10-27,8990.0
2014-10-28,8990.0
2014-10-29,8990.0
2014-10-30,8990.0
2014-10-31,8990.0
2014-11-01,9090.0
2014-11-02,9090.0
2014-11-03,9090.0
2014-11-04,9090.0
2014-11-05,9090.0
2014-11-06,9090.0
2014-11-07,9090.0
2014-11-08,9090.0
2014-11-09,9090.0
2014-11-10,9090.0
2014-11-11,9090.0
2014-11-12,9090.0
2014-11-13,9090.0
2014-11-14,9090.0
2014-11-15,9090.0
2014-11-16,9090.0
2014-11-17,9090.0
2014-11-18,9090.0
2014-11-19,9090.0
2014-11-20,9090.0
2014-11-21,9090.0
2014-11-22,9090.0
2014-11-23,9090.0
2014-11-24,9090.0
2014-11-25,9090.0
2014-11-26,9090.0
2014-11-27,9090.0
2014-11-28,9090.0
2014-11-29,9090.0
2014-11-30,9090.0
2014-12-01,8717.0
2014-12-02,8717.0
2014-12-03,8717.0
2014-12-04,8717.0
2014-12-05,8717.0
2014-12-06,8717.0
2014-12-07,8717.0
2014-12-08,8717.0
2014-12-09,8717.0
2014-12-10,8717.0
2014-12-11,8717.0
2014-12-12,8717.0
2014-12-13,8717.0
2014-12-14,8717.0
2014-12-15,8717.0
2014-12-16,8717.0
2014-12-17,8717.0
2014-12-18,8717.0
2014-12-19,8717.0
2014-12-20,8717.0
2014-12-21,8717.0
2014-12-22,8717.0
2014-12-23,8717.0
2014-12-24,8717.0
2014-12-25,8717.0
2014-12-26,8717.0
2014-12-27,8717.0
2014-12-28,8717.0
2014-12-29,8717.0
2014-12-30,8717.0
2014-12-31,8717.0
2015-01-01,8885.0
2015-01-02,8885.0
2015-01-03,8885.0
2015-01-04,8885.0
2015-01-05,8885.0
2015-01-06,8885.0
2015-01-07,8885.0
2015-01-08,8885.0
2015-01-09,8885.0
2015-01-10,8885.0
2015-01-11,8885.0
2015-01-12,8885.0
2015-01-13,8885.0
2015-01-14,8885.0
2015-01-15,8885.0
2015-01-16,8885.0
2015-01-17,8885.0
2015-01-18,8885.0
2015-01-19,8885.0
2015-01-20,8885.0
2015-01-21,8885.0
2015-01-22,8885.0
2015-01-23,8885.0
2015-01-24,8885.0
2015-01-25,8885.0
2015-01-26,8885.0
2015-01-27,8885.0
2015-01-28,8885.0
2015-01-29,8885.0
2015-01-30,8885.0
2015-01-31,8885.0
2015-02-01,8599.0
2015-02-02,8599.0
2015-02-03,8599.0
2015-02-04,8599.0
2015-02-05,8599.0
2015-02-06,8599.0
2015-02-07,8599.0
2015-02-08,8599.0
2015-02-09,8599.0
2015-02-10,8599.0
2015-02-11,8599.0
2015-02-12,8599.0
2015-02-13,8599.0
2015-02-14,8599.0
2015-02-15,8599.0
2015-02-16,8599.0
2015-02-17,8599.0
2015-02-18,8599.0
2015-02-19,8599.0
2015-02-20,8599.0
2015-02-21,8599.0
2015-02-22,8599.0
2015-02-23,8599.0
2015-02-24,8599.0
2015-02-25,8599.0
2015-02-26,8599.0
2015-02-27,8599.0
2015-02-28,8599.0
2015-03-01,8515.0
2015-03-02,8515.0
2015-03-03,8515.0
2015-03-04,8515.0
2015-03-05,8515.0
2015-03-06,8515.0
2015-03-07,8515.0
2015-03-08,8515.0
2015-03-09,8515.0
2015-03-10,8515.0
2015-03-11,8515.0
2015-03-12,8515.0
2015-03-13,8515.0
2015-03-14,8515.0
2015-03-15,8515.0
2015-03-16,8515.0
2015-03-17,8515.0
2015-03-18,8515.0
2015-03-19,8515.0
2015-03-20,8515.0
2015-03-21,8515.0
2015-03-22,8515.0
2015-03-23,8515.0
2015-03-24,8515.0
2015-03-25,8515.0
2015-03-26,8515.0
2015-03-27,8515.0
2015-03-28,8515.0
2015-03-29,8515.0
2015-03-30,8515.0
2015-03-31,8515.0
2015-04-01,8550.0
2015-04-02,8550.0
2015-04-03,8550.0
2015-04-04,8550.0
2015-04-05,8550.0
2015-04-06,8550.0
2015-04-07,8550.0
2015-04-08,8550.0
2015-04-09,8550.0
2015-04-10,8550.0
2015-04-11,8550.0
2015-04-12,8550.0
2015-04-13,8550.0
2015-04-14,8550.0
2015-04-15,8550.0
2015-04-16,8550.0
2015-04-17,8550.0
2015-04-18,8550.0
2015-04-19,8550.0
2015-04-20,8550.0
2015-04-21,8550.0
2015-04-22,8550.0
2015-04-23,8550.0
2015-04-24,8550.0
2015-04-25,8550.0
2015-04-26,8550.0
2015-04-27,8550.0
2015-04-28,8550.0
2015-04-29,8550.0
2015-04-30,8550.0
2015-05-01,8834.0
2015-05-02,8834.0
2015-05-03,8834.0
2015-05-04,8834.0
2015-05-05,8834.0
2015-05-06,8834.0
2015-05-07,8834.0
2015-05-08,8834.0
2015-05-09,8834.0
2015-05-10,8834.0
2015-05-11,8834.0
2015-05-12,8834.0
2015-05-13,8834.0
2015-05-14,8834.0
2015-05-15,8834.0
2015-05-16,8834.0
2015-05-17,8834.0
2015-05-18,8834.0
2015-05-19,8834.0
2015-05-20,8834.0
2015-05-21,8834.0
2015-05-22,8834.0
2015-05-23,8834.0
2015-05-24,8834.0
2015-05-25,8834.0
2015-05-26,8834.0
2015-05-27,8834.0
2015-05-28,8834.0
2015-05-29,8834.0
2015-05-30,8834.0
2015-05-31,8834.0
2015-06-01,8247.0
2015-06-02,8247.0
2015-06-03,8247.0
2015-06-04,8247.0
2015-06-05,8247.0
2015-06-06,8247.0
2015-06-07,8247.0
2015-06-08,8247.0
2015-06-09,8247.0
2015-06-10,8247.0
2015-06-11,8247.0
2015-06-12,8247.0
2015-06-13,8247.0
2015-06-14,8247.0
2015-06-15,8247.0
2015-06-16,8247.0
2015-06-17,8247.0
2015-06-18,8247.0
2015-06-19,8247.0
2015-06-20,8247.0
2015-06-21,8247.0
2015-06-22,8247.0
2015-06-23,8247.0
2015-06-24,8247.0
2015-06-25,8247.0
2015-06-26,8247.0
2015-06-27,8247.0
2015-06-28,8247.0
2015-06-29,8247.0
2015-06-30,8247.0
2015-07-01,8167.0
2015-07-02,8167.0
2015-07-03,8167.0
2015-07-04,8167.0
2015-07-05,8167.0
2015-07-06,8167.0
2015-07-07,8167.0
2015-07-08,8167.0
2015-07-09,8167.0
2015-07-10,8167.0
2015-07-11,8167.0
2015-07-12,8167.0
2015-07-13,8167.0
2015-07-14,8167.0
2015-07-15,8167.0
2015-07-16,8167.0
2015-07-17,8167.0
2015-07-18,8167.0
2015-07-19,8167.0
2015-07-20,8167.0
2015-07-21,8167.0
2015-07-22,8167.0
2015-07-23,8167.0
2015-07-24,8167.0
2015-07-25,8167.0
2015-07-26,8167.0
2015-07-27,8167.0
2015-07-28,8167.0
2015-07-29,8167.0
2015-07-30,8167.0
2015-07-31,8167.0
2015-08-01,7992.0
2015-08-02,7992.0
2015-08-03,7992.0
2015-08-04,7992.0
2015-08-05,7992.0
2015-08-06,7992.0
2015-08-07,7992.0
2015-08-08,7992.0
2015-08-09,7992.0
2015-08-10,7992.0
2015-08-11,7992.0
2015-08-12,7992.0
2015-08-13,7992.0
2015-08-14,7992.0
2015-08-15,7992.0
2015-08-16,7992.0
2015-08-17,7992.0
2015-08-18,7992.0
2015-08-19,7992.0
2015-08-20,7992.0
2015-08-21,7992.0
2015-08-22,7992.0
2015-08-23,7992.0
2015-08-24,7992.0
2015-08-25,7992.0
2015-08-26,7992.0
2015-08-27,7992.0
2015-08-28,7992.0
2015-08-29,7992.0
2015-08-30,7992.0
2015-08-31,7992.0
2015-09-01,7907.0
2015-09-02,7907.0
2015-09-03,7907.0
2015-09-04,7907.0
2015-09-05,7907.0
2015-09-06,7907.0
2015-09-07,7907.0
2015-09-08,7907.0
2015-09-09,7907.0
2015-09-10,7907.0
2015-09-11,7907.0
2015-09-12,7907.0
2015-09-13,7907.0
2015-09-14,7907.0
2015-09-15,7907.0
2015-09-16,7907.0
2015-09-17,7907.0
2015-09-18,7907.0
2015-09-19,7907.0
2015-09-20,7907.0
2015-09-21,7907.0
2015-09-22,7907.0
2015-09-23,7907.0
2015-09-24,7907.0
2015-09-25,7907.0
2015-09-26,7907.0
2015-09-27,7907.0
2015-09-28,7907.0
2015-09-29,7907.0
2015-09-30,7907.0
2015-10-01,7922.0
2015-10-02,7922.0
2015-10-03,7922.0
2015-10-04,7922.0
2015-10-05,7922.0
2015-10-06,7922.0
2015-10-07,7922.0
2015-10-08,7922.0
2015-10-09,7922.0
2015-10-10,7922.0
2015-10-11,7922.0
2015-10-12,7922.0
2015-10-13,7922.0
2015-10-14,7922.0
2015-10-15,7922.0
2015-10-16,7922.0
2015-10-17,7922.0
2015-10-18,7922.0
2015-10-19,7922.0
2015-10-20,7922.0
2015-10-21,7922.0
2015-10-22,7922.0
2015-10-23,7922.0
2015-10-24,7922.0
2015-10-25,7922.0
2015-10-26,7922.0
2015-10-27,7922.0
2015-10-28,7922.0
2015-10-29,7922.0
2015-10-30,7922.0
2015-10-31,7922.0
2015-11-01,8000.0
2015-11-02,8000.0
2015-11-03,8000.0
2015-11-04,8000.0
2015-11-05,8000.0
2015-11-06,8000.0
2015-11-07,8000.0
2015-11-08,8000.0
2015-11-09,8000.0
2015-11-10,8000.0
2015-11-11,8000.0
2015-11-12,8000.0
2015-11-13,8000.0
2015-11-14,8000.0
2015-11-15,8000.0
2015-11-16,8000.0
2015-11-17,8000.0
2015-11-18,8000.0
2015-11-19,8000.0
2015-11-20,8000.0
2015-11-21,8000.0
2015-11-22,8000.0
2015-11-23,8000.0
2015-11-24,8000.0
2015-11-25,8000.0
2015-11-26,8000.0
2015-11-27,8000.0
2015-11-28,8000.0
2015-11-29,8000.0
2015-11-30,8000.0
2015-12-01,7907.0
2015-12-02,7907.0
2015-12-03,7907.0
2015-12-04,7907.0
2015-12-05,7907.0
2015-12-06,7907.0
2015-12-07,7907.0
2015-12-08,7907.0
2015-12-09,7907.0
2015-12-10,7907.0
2015-12-11,7907.0
2015-12-12,7907.0
2015-12-13,7907.0
2015-12-14,7907.0
2015-12-15,7907.0
2015-12-16,7907.0
2015-12-17,7907.0
2015-12-18,7907.0
2015-12-19,7907.0
2015-12-20,7907.0
2015-12-21,7907.0
2015-12-22,7907.0
2015-12-23,7907.0
2015-12-24,7907.0
2015-12-25,7907.0
2015-12-26,7907.0
2015-12-27,7907.0
2015-12-28,7907.0
2015-12-29,7907.0
2015-12-30,7907.0
2015-12-31,7907.0
2016-01-01,7627.0
2016-01-02,7627.0
2016-01-03,7627.0
2016-01-04,7627.0
2016-01-05,7627.0
2016-01-06,7627.0
2016-01-07,7627.0
2016-01-08,7627.0
2016-01-09,7627.0
2016-01-10,7627.0
2016-01-11,7627.0
2016-01-12,7627.0
2016-01-13,7627.0
2016-01-14,7627.0
2016-01-15,7627.0
2016-01-16,7627.0
2016-01-17,7627.0
2016-01-18,7627.0
2016-01-19,7627.0
2016-01-20,7627.0
2016-01-21,7627.0
2016-01-22,7627.0
2016-01-23,7627.0
2016-01-24,7627.0
2016-01-25,7627.0
2016-01-26,7627.0
2016-01-27,7627.0
2016-01-28,7627.0
2016-01-29,7627.0
2016-01-30,7627.0
2016-01-31,7627.0
2016-02-01,7702.0
2016-02-02,7702.0
2016-02-03,7702.0
2016-02-04,7702.0
2016-02-05,7702.0
2016-02-06,7702.0
2016-02-07,7702.0
2016-02-08,7702.0
2016-02-09,7702.0
2016-02-10,7702.0
2016-02-11,7702.0
2016-02-12,7702.0
2016-02-13,7702.0
2016-02-14,7702.0
2016-02-15,7702.0
2016-02-16,7702.0
2016-02-17,7702.0
2016-02-18,7702.0
2016-02-19,7702.0
2016-02-20,7702.0
2016-02-21,7702.0
2016-02-22,7702.0
2016-02-23,7702.0
2016-02-24,7702.0
2016-02-25,7702.0
2016-02-26,7702.0
2016-02-27,7702.0
2016-02-28,7702.0
2016-02-29,7702.0
2016-03-01,7961.0
2016-03-02,7961.0
2016-03-03,7961.0
2016-03-04,7961.0
2016-03-05,7961.0
2016-03-06,7961.0
2016-03-07,7961.0
2016-03-08,7961.0
2016-03-09,7961.0
2016-03-10,7961.0
2016-03-11,7961.0
2016-03-12,7961.0
2016-03-13,7961.0
2016-03-14,7961.0
2016-03-15,7961.0
2016-03-16,7961.0
2016-03-17,7961.0
2016-03-18,7961.0
2016-03-19,7961.0
2016-03-20,7961.0
2016-03-21,7961.0
2016-03-22,7961.0
2016-03-23,7961.0
2016-03-24,7961.0
2016-03-25,7961.0
2016-03-26,7961.0
2016-03-27,7961.0
2016-03-28,7961.0
2016-03-29,7961.0
2016-03-30,7961.0
2016-03-31,7961.0
2016-04-01,8067.0
2016-04-02,8067.0
2016-04-03,8067.0
2016-04-04,8067.0
2016-04-05,8067.0
2016-04-06,8067.0
2016-04-07,8067.0
2016-04-08,8067.0
2016-04-09,8067.0
2016-04-10,8067.0
2016-04-11,8067.0
2016-04-12,8067.0
2016-04-13,8067.0
2016-04-14,8067.0
2016-04-15,8067.0
2016-04-16,8067.0
2016-04-17,8067.0
2016-04-18,8067.0
2016-04-19,8067.0
2016-04-20,8067.0
2016-04-21,8067.0
2016-04-22,8067.0
2016-04-23,8067.0
2016-04-24,8067.0
2016-04-25,8067.0
2016-04-26,8067.0
2016-04-27,8067.0
2016-04-28,8067.0
2016-04-29,8067.0
2016-04-30,8067.0
2016-05-01,7652.0
2016-05-02,7652.0
2016-05-03,7652.0
2016-05-04,7652.0
2016-05-05,7652.0
2016-05-06,7652.0
2016-05-07,7652.0
2016-05-08,7652.0
2016-05-09,7652.0
2016-05-10,7652.0
2016-05-11,7652.0
2016-05-12,7652.0
2016-05-13,7652.0
2016-05-14,7652.0
2016-05-15,7652.0
2016-05-16,7652.0
2016-05-17,7652.0
2016-05-18,7652.0
2016-05-19,7652.0
2016-05-20,7652.0
2016-05-21,7652.0
2016-05-22,7652.0
2016-05-23,7652.0
2016-05-24,7652.0
2016-05-25,7652.0
2016-05-26,7652.0
2016-05-27,7652.0
2016-05-28,7652.0
2016-05-29,7652.0
2016-05-30,7652.0
2016-05-31,7652.0
2016-06-01,7744.0
2016-06-02,7744.0
2016-06-03,7744.0
2016-06-04,7744.0
2016-06-05,7744.0
2016-06-06,7744.0
2016-06-07,7744.0
2016-06-08,7744.0
2016-06-09,7744.0
2016-06-10,7744.0
2016-06-11,7744.0
2016-06-12,7744.0
2016-06-13,7744.0
2016-06-14,7744.0
2016-06-15,7744.0
2016-06-16,7744.0
2016-06-17,7744.0
2016-06-18,7744.0
2016-06-19,7744.0
2016-06-20,7744.0
2016-06-21,7744.0
2016-06-22,7744.0
2016-06-23,7744.0
2016-06-24,7744.0
2016-06-25,7744.0
2016-06-26,7744.0
2016-06-27,7744.0
2016-06-28,7744.0
2016-06-29,7744.0
2016-06-30,7744.0
2016-07-01,7641.0
2016-07-02,7641.0
2016-07-03,7641.0
2016-07-04,7641.0
2016-07-05,7641.0
2016-07-06,7641.0
2016-07-07,7641.0
2016-07-08,7641.0
2016-07-09,7641.0
2016-07-10,7641.0
2016-07-11,7641.0
2016-07-12,7641.0
2016-07-13,7641.0
2016-07-14,7641.0
2016-07-15,7641.0
2016-07-16,7641.0
2016-07-17,7641.0
2016-07-18,7641.0
2016-07-19,7641.0
2016-07-20,7641.0
2016-07-21,7641.0
2016-07-22,7641.0
2016-07-23,7641.0
2016-07-24,7641.0
2016-07-25,7641.0
2016-07-26,7641.0
2016-07-27,7641.0
2016-07-28,7641.0
2016-07-29,7641.0
2016-07-30,7641.0
2016-07-31,7641.0
2016-08-01,7784.0
2016-08-02,7784.0
2016-08-03,7784.0
2016-08-04,7784.0
2016-08-05,7784.0
2016-08-06,7784.0
2016-08-07,7784.0
2016-08-08,7784.0
2016-08-09,7784.0
2016-08-10,7784.0
2016-08-11,7784.0
2016-08-12,7784.0
2016-08-13,7784.0
2016-08-14,7784.0
2016-08-15,7784.0
2016-08-16,7784.0
2016-08-17,7784.0
2016-08-18,7784.0
2016-08-19,7784.0
2016-08-20,7784.0
2016-08-21,7784.0
2016-08-22,7784.0
2016-08-23,7784.0
2016-08-24,7784.0
2016-08-25,7784.0
2016-08-26,7784.0
2016-08-27,7784.0
2016-08-28,7784.0
2016-08-29,7784.0
2016-08-30,7784.0
2016-08-31,7784.0
2016-09-01,7953.0
2016-09-02,7953.0
2016-09-03,7953.0
2016-09-04,7953.0
2016-09-05,7953.0
2016-09-06,7953.0
2016-09-07,7953.0
2016-09-08,7953.0
2016-09-09,7953.0
2016-09-10,7953.0
2016-09-11,7953.0
2016-09-12,7953.0
2016-09-13,7953.0
2016-09-14,7953.0
2016-09-15,7953.0
2016-09-16,7953.0
2016-09-17,7953.0
2016-09-18,7953.0
2016-09-19,7953.0
2016-09-20,7953.0
2016-09-21,7953.0
2016-09-22,7953.0
2016-09-23,7953.0
2016-09-24,7953.0
2016-09-25,7953.0
2016-09-26,7953.0
2016-09-27,7953.0
2016-09-28,7953.0
2016-09-29,7953.0
2016-09-30,7953.0
2016-10-01,7811.0
2016-10-02,7811.0
2016-10-03,7811.0
2016-10-04,7811.0
2016-10-05,7811.0
2016-10-06,7811.0
2016-10-07,7811.0
2016-10-08,7811.0
2016-10-09,7811.0
2016-10-10,7811.0
2016-10-11,7811.0
2016-10-12,7811.0
2016-10-13,7811.0
2016-10-14,7811.0
2016-10-15,7811.0
2016-10-16,7811.0
2016-10-17,7811.0
2016-10-18,7811.0
2016-10-19,7811.0
2016-10-20,7811.0
2016-10-21,7811.0
2016-10-22,7811.0
2016-10-23,7811.0
2016-10-24,7811.0
2016-10-25,7811.0
2016-10-26,7811.0
2016-10-27,7811.0
2016-10-28,7811.0
2016-10-29,7811.0
2016-10-30,7811.0
2016-10-31,7811.0
2016-11-01,7553.0
2016-11-02,7553.0
2016-11-03,7553.0
2016-11-04,7553.0
2016-11-05,7553.0
2016-11-06,7553.0
2016-11-07,7553.0
2016-11-08,7553.0
2016-11-09,7553.0
2016-11-10,7553.0
2016-11-11,7553.0
2016-11-12,7553.0
2016-11-13,7553.0
2016-11-14,7553.0
2016-11-15,7553.0
2016-11-16,7553.0
2016-11-17,7553.0
2016-11-18,7553.0
2016-11-19,7553.0
2016-11-20,7553.0
2016-11-21,7553.0
2016-11-22,7553.0
2016-11-23,7553.0
2016-11-24,7553.0
2016-11-25,7553.0
2016-11-26,7553.0
2016-11-27,7553.0
2016-11-28,7553.0
2016-11-29,7553.0
2016-11-30,7553.0
2016-12-01,7521.0
2016-12-02,7521.0
2016-12-03,7521.0
2016-12-04,7521.0
2016-12-05,7521.0
2016-12-06,7521.0
2016-12-07,7521.0
2016-12-08,7521.0
2016-12-09,7521.0
2016-12-10,7521.0
2016-12-11,7521.0
2016-12-12,7521.0
2016-12-13,7521.0
2016-12-14,7521.0
2016-12-15,7521.0
2016-12-16,7521.0
2016-12-17,7521.0
2016-12-18,7521.0
2016-12-19,7521.0
2016-12-20,7521.0
2016-12-21,7521.0
2016-12-22,7521.0
2016-12-23,7521.0
2016-12-24,7521.0
2016-12-25,7521.0
2016-12-26,7521.0
2016-12-27,7521.0
2016-12-28,7521.0
2016-12-29,7521.0
2016-12-30,7521.0
2016-12-31,7521.0
2017-01-01,7468.0
2017-01-02,7468.0
2017-01-03,7468.0
2017-01-04,7468.0
2017-01-05,7468.0
2017-01-06,7468.0
2017-01-07,7468.0
2017-01-08,7468.0
2017-01-09,7468.0
2017-01-10,7468.0
2017-01-11,7468.0
2017-01-12,7468.0
2017-01-13,7468.0
2017-01-14,7468.0
2017-01-15,7468.0
2017-01-16,7468.0
2017-01-17,7468.0
2017-01-18,7468.0
2017-01-19,7468.0
2017-01-20,7468.0
2017-01-21,7468.0
2017-01-22,7468.0
2017-01-23,7468.0
2017-01-24,7468.0
2017-01-25,7468.0
2017-01-26,7468.0
2017-01-27,7468.0
2017-01-28,7468.0
2017-01-29,7468.0
2017-01-30,7468.0
2017-01-31,7468.0
2017-02-01,7379.0
2017-02-02,7379.0
2017-02-03,7379.0
2017-02-04,7379.0
2017-02-05,7379.0
2017-02-06,7379.0
2017-02-07,7379.0
2017-02-08,7379.0
2017-02-09,7379.0
2017-02-10,7379.0
2017-02-11,7379.0
2017-02-12,7379.0
2017-02-13,7379.0
2017-02-14,7379.0
2017-02-15,7379.0
2017-02-16,7379.0
2017-02-17,7379.0
2017-02-18,7379.0
2017-02-19,7379.0
2017-02-20,7379.0
2017-02-21,7379.0
2017-02-22,7379.0
2017-02-23,7379.0
2017-02-24,7379.0
2017-02-25,7379.0
2017-02-26,7379.0
2017-02-27,7379.0
2017-02-28,7379.0
2017-03-01,7073.0
2017-03-02,7073.0
2017-03-03,7073.0
2017-03-04,7073.0
2017-03-05,7073.0
2017-03-06,7073.0
2017-03-07,7073.0
2017-03-08,7073.0
2017-03-09,7073.0
2017-03-10,7073.0
2017-03-11,7073.0
2017-03-12,7073.0
2017-03-13,7073.0
2017-03-14,7073.0
2017-03-15,7073.0
2017-03-16,7073.0
2017-03-17,7073.0
2017-03-18,7073.0
2017-03-19,7073.0
2017-03-20,7073.0
2017-03-21,7073.0
2017-03-22,7073.0
2017-03-23,7073.0
2017-03-24,7073.0
2017-03-25,7073.0
2017-03-26,7073.0
2017-03-27,7073.0
2017-03-28,7073.0
2017-03-29,7073.0
2017-03-30,7073.0
2017-03-31,7073.0
2017-04-01,7089.0
2017-04-02,7089.0
2017-04-03,7089.0
2017-04-04,7089.0
2017-04-05,7089.0
2017-04-06,7089.0
2017-04-07,7089.0
2017-04-08,7089.0
2017-04-09,7089.0
2017-04-10,7089.0
2017-04-11,7089.0
2017-04-12,7089.0
2017-04-13,7089.0
2017-04-14,7089.0
2017-04-15,7089.0
2017-04-16,7089.0
2017-04-17,7089.0
2017-04-18,7089.0
2017-04-19,7089.0
2017-04-20,7089.0
2017-04-21,7089.0
2017-04-22,7089.0
2017-04-23,7089.0
2017-04-24,7089.0
2017-04-25,7089.0
2017-04-26,7089.0
2017-04-27,7089.0
2017-04-28,7089.0
2017-04-29,7089.0
2017-04-30,7089.0
2017-05-01,7000.0
2017-05-02,7000.0
2017-05-03,7000.0
2017-05-04,7000.0
2017-05-05,7000.0
2017-05-06,7000.0
2017-05-07,7000.0
2017-05-08,7000.0
2017-05-09,7000.0
2017-05-10,7000.0
2017-05-11,7000.0
2017-05-12,7000.0
2017-05-13,7000.0
2017-05-14,7000.0
2017-05-15,7000.0
2017-05-16,7000.0
2017-05-17,7000.0
2017-05-18,7000.0
2017-05-19,7000.0
2017-05-20,7000.0
2017-05-21,7000.0
2017-05-22,7000.0
2017-05-23,7000.0
2017-05-24,7000.0
2017-05-25,7000.0
2017-05-26,7000.0
2017-05-27,7000.0
2017-05-28,7000.0
2017-05-29,7000.0
2017-05-30,7000.0
2017-05-31,7000.0
2017-06-01,6873.0
2017-06-02,6873.0
2017-06-03,6873.0
2017-06-04,6873.0
2017-06-05,6873.0
2017-06-06,6873.0
2017-06-07,6873.0
2017-06-08,6873.0
2017-06-09,6873.0
2017-06-10,6873.0
2017-06-11,6873.0
2017-06-12,6873.0
2017-06-13,6873.0
2017-06-14,6873.0
2017-06-15,6873.0
2017-06-16,6873.0
2017-06-17,6873.0
2017-06-18,6873.0
2017-06-19,6873.0
2017-06-20,6873.0
2017-06-21,6873.0
2017-06-22,6873.0
2017-06-23,6873.0
2017-06-24,6873.0
2017-06-25,6873.0
2017-06-26,6873.0
2017-06-27,6873.0
2017-06-28,6873.0
2017-06-29,6873.0
2017-06-30,6873.0
2017-07-01,6892.0
2017-07-02,6892.0
2017-07-03,6892.0
2017-07-04,6892.0
2017-07-05,6892.0
2017-07-06,6892.0
2017-07-07,6892.0
2017-07-08,6892.0
2017-07-09,6892.0
2017-07-10,6892.0
2017-07-11,6892.0
2017-07-12,6892.0
2017-07-13,6892.0
2017-07-14,6892.0
2017-07-15,6892.0
2017-07-16,6892.0
2017-07-17,6892.0
2017-07-18,6892.0
2017-07-19,6892.0
2017-07-20,6892.0
2017-07-21,6892.0
2017-07-22,6892.0
2017-07-23,6892.0
2017-07-24,6892.0
2017-07-25,6892.0
2017-07-26,6892.0
2017-07-27,6892.0
2017-07-28,6892.0
2017-07-29,6892.0
2017-07-30,6892.0
2017-07-31,6892.0
2017-08-01,7082.0
2017-08-02,7082.0
2017-08-03,7082.0
2017-08-04,7082.0
2017-08-05,7082.0
2017-08-06,7082.0
2017-08-07,7082.0
2017-08-08,7082.0
2017-08-09,7082.0
2017-08-10,7082.0
2017-08-11,7082.0
2017-08-12,7082.0
2017-08-13,7082.0
2017-08-14,7082.0
2017-08-15,7082.0
2017-08-16,7082.0
2017-08-17,7082.0
2017-08-18,7082.0
2017-08-19,7082.0
2017-08-20,7082.0
2017-08-21,7082.0
2017-08-22,7082.0
2017-08-23,7082.0
2017-08-24,7082.0
2017-08-25,7082.0
2017-08-26,7082.0
2017-08-27,7082.0
2017-08-28,7082.0
2017-08-29,7082.0
2017-08-30,7082.0
2017-08-31,7082.0
2017-09-01,6854.0
2017-09-02,6854.0
2017-09-03,6854.0
2017-09-04,6854.0
2017-09-05,6854.0
2017-09-06,6854.0
2017-09-07,6854.0
2017-09-08,6854.0
2017-09-09,6854.0
2017-09-10,6854.0
2017-09-11,6854.0
2017-09-12,6854.0
2017-09-13,6854.0
2017-09-14,6854.0
2017-09-15,6854.0
2017-09-16,6854.0
2017-09-17,6854.0
2017-09-18,6854.0
2017-09-19,6854.0
2017-09-20,6854.0
2017-09-21,6854.0
2017-09-22,6854.0
2017-09-23,6854.0
2017-09-24,6854.0
2017-09-25,6854.0
2017-09-26,6854.0
2017-09-27,6854.0
2017-09-28,6854.0
2017-09-29,6854.0
2017-09-30,6854.0
2017-10-01,6700.0
2017-10-02,6700.0
2017-10-03,6700.0
2017-10-04,6700.0
2017-10-05,6700.0
2017-10-06,6700.0
2017-10-07,6700.0
2017-10-08,6700.0
2017-10-09,6700.0
2017-10-10,6700.0
2017-10-11,6700.0
2017-10-12,6700.0
2017-10-13,6700.0
2017-10-14,6700.0
2017-10-15,6700.0
2017-10-16,6700.0
2017-10-17,6700.0
2017-10-18,6700.0
2017-10-19,6700.0
2017-10-20,6700.0
2017-10-21,6700.0
2017-10-22,6700.0
2017-10-23,6700.0
2017-10-24,6700.0
2017-10-25,6700.0
2017-10-26,6700.0
2017-10-27,6700.0
2017-10-28,6700.0
2017-10-29,6700.0
2017-10-30,6700.0
2017-10-31,6700.0
2017-11-01,6774.0
2017-11-02,6774.0
2017-11-03,6774.0
2017-11-04,6774.0
2017-11-05,6774.0
2017-11-06,6774.0
2017-11-07,6774.0
2017-11-08,6774.0
2017-11-09,6774.0
2017-11-10,6774.0
2017-11-11,6774.0
2017-11-12,6774.0
2017-11-13,6774.0
2017-11-14,6774.0
2017-11-15,6774.0
2017-11-16,6774.0
2017-11-17,6774.0
2017-11-18,6774.0
2017-11-19,6774.0
2017-11-20,6774.0
2017-11-21,6774.0
2017-11-22,6774.0
2017-11-23,6774.0
2017-11-24,6774.0
2017-11-25,6774.0
2017-11-26,6774.0
2017-11-27,6774.0
2017-11-28,6774.0
2017-11-29,6774.0
2017-11-30,6774.0
2017-12-01,6632.0
2017-12-02,6632.0
2017-12-03,6632.0
2017-12-04,6632.0
2017-12-05,6632.0
2017-12-06,6632.0
2017-12-07,6632.0
2017-12-08,6632.0
2017-12-09,6632.0
2017-12-10,6632.0
2017-12-11,6632.0
2017-12-12,6632.0
2017-12-13,6632.0
2017-12-14,6632.0
2017-12-15,6632.0
2017-12-16,6632.0
2017-12-17,6632.0
2017-12-18,6632.0
2017-12-19,6632.0
2017-12-20,6632.0
2017-12-21,6632.0
2017-12-22,6632.0
2017-12-23,6632.0
2017-12-24,6632.0
2017-12-25,6632.0
2017-12-26,6632.0
2017-12-27,6632.0
2017-12-28,6632.0
2017-12-29,6632.0
2017-12-30,6632.0
2017-12-31,6632.0
2018-01-01,6505.0
2018-01-02,6505.0
2018-01-03,6505.0
2018-01-04,6505.0
2018-01-05,6505.0
2018-01-06,6505.0
2018-01-07,6505.0
2018-01-08,6505.0
2018-01-09,6505.0
2018-01-10,6505.0
2018-01-11,6505.0
2018-01-12,6505.0
2018-01-13,6505.0
2018-01-14,6505.0
2018-01-15,6505.0
2018-01-16,6505.0
2018-01-17,6505.0
2018-01-18,6505.0
2018-01-19,6505.0
2018-01-20,6505.0
2018-01-21,6505.0
2018-01-22,6505.0
2018-01-23,6505.0
2018-01-24,6505.0
2018-01-25,6505.0
2018-01-26,6505.0
2018-01-27,6505.0
2018-01-28,6505.0
2018-01-29,6505.0
2018-01-30,6505.0
2018-01-31,6505.0
2018-02-01,6586.0
2018-02-02,6586.0
2018-02-03,6586.0
2018-02-04,6586.0
2018-02-05,6586.0
2018-02-06,6586.0
2018-02-07,6586.0
2018-02-08,6586.0
2018-02-09,6586.0
2018-02-10,6586.0
2018-02-11,6586.0
2018-02-12,6586.0
2018-02-13,6586.0
2018-02-14,6586.0
2018-02-15,6586.0
2018-02-16,6586.0
2018-02-17,6586.0
2018-02-18,6586.0
2018-02-19,6586.0
2018-02-20,6586.0
2018-02-21,6586.0
2018-02-22,6586.0
2018-02-23,6586.0
2018-02-24,6586.0
2018-02-25,6586.0
2018-02-26,6586.0
2018-02-27,6586.0
2018-02-28,6586.0
2018-03-01,6457.0
2018-03-02,6457.0
2018-03-03,6457.0
2018-03-04,6457.0
2018-03-05,6457.0
2018-03-06,6457.0
2018-03-07,6457.0
2018-03-08,6457.0
2018-03-09,6457.0
2018-03-10,6457.0
2018-03-11,6457.0
2018-03-12,6457.0
2018-03-13,6457.0
2018-03-14,6457.0
2018-03-15,6457.0
2018-03-16,6457.0
2018-03-17,6457.0
2018-03-18,6457.0
2018-03-19,6457.0
2018-03-20,6457.0
2018-03-21,6457.0
2018-03-22,6457.0
2018-03-23,6457.0
2018-03-24,6457.0
2018-03-25,6457.0
2018-03-26,6457.0
2018-03-27,6457.0
2018-03-28,6457.0
2018-03-29,6457.0
2018-03-30,6457.0
2018-03-31,6457.0
2018-04-01,6448.0
2018-04-02,6448.0
2018-04-03,6448.0
2018-04-04,6448.0
2018-04-05,6448.0
2018-04-06,6448.0
2018-04-07,6448.0
2018-04-08,6448.0
2018-04-09,6448.0
2018-04-10,6448.0
2018-04-11,6448.0
2018-04-12,6448.0
2018-04-13,6448.0
2018-04-14,6448.0
2018-04-15,6448.0
2018-04-16,6448.0
2018-04-17,6448.0
2018-04-18,6448.0
2018-04-19,6448.0
2018-04-20,6448.0
2018-04-21,6448.0
2018-04-22,6448.0
2018-04-23,6448.0
2018-04-24,6448.0
2018-04-25,6448.0
2018-04-26,6448.0
2018-04-27,6448.0
2018-04-28,6448.0
2018-04-29,6448.0
2018-04-30,6448.0
2018-05-01,6188.0
2018-05-02,6188.0
2018-05-03,6188.0
2018-05-04,6188.0
2018-05-05,6188.0
2018-05-06,6188.0
2018-05-07,6188.0
2018-05-08,6188.0
2018-05-09,6188.0
2018-05-10,6188.0
2018-05-11,6188.0
2018-05-12,6188.0
2018-05-13,6188.0
2018-05-14,6188.0
2018-05-15,6188.0
2018-05-16,6188.0
2018-05-17,6188.0
2018-05-18,6188.0
2018-05-19,6188.0
2018-05-20,6188.0
2018-05-21,6188.0
2018-05-22,6188.0
2018-05-23,6188.0
2018-05-24,6188.0
2018-05-25,6188.0
2018-05-26,6188.0
2018-05-27,6188.0
2018-05-28,6188.0
2018-05-29,6188.0
2018-05-30,6188.0
2018-05-31,6188.0
2018-06-01,6446.0
2018-06-02,6446.0
2018-06-03,6446.0
2018-06-04,6446.0
2018-06-05,6446.0
2018-06-06,6446.0
2018-06-07,6446.0
2018-06-08,6446.0
2018-06-09,6446.0
2018-06-10,6446.0
2018-06-11,6446.0
2018-06-12,6446.0
2018-06-13,6446.0
2018-06-14,6446.0
2018-06-15,6446.0
2018-06-16,6446.0
2018-06-17,6446.0
2018-06-18,6446.0
2018-06-19,6446.0
2018-06-20,6446.0
2018-06-21,6446.0
2018-06-22,6446.0
2018-06-23,6446.0
2018-06-24,6446.0
2018-06-25,6446.0
2018-06-26,6446.0
2018-06-27,6446.0
2018-06-28,6446.0
2018-06-29,6446.0
2018-06-30,6446.0
2018-07-01,6173.0
2018-07-02,6173.0
2018-07-03,6173.0
2018-07-04,6173.0
2018-07-05,6173.0
2018-07-06,6173.0
2018-07-07,6173.0
2018-07-08,6173.0
2018-07-09,6173.0
2018-07-10,6173.0
2018-07-11,6173.0
2018-07-12,6173.0
2018-07-13,6173.0
2018-07-14,6173.0
2018-07-15,6173.0
2018-07-16,6173.0
2018-07-17,6173.0
2018-07-18,6173.0
2018-07-19,6173.0
2018-07-20,6173.0
2018-07-21,6173.0
2018-07-22,6173.0
2018-07-23,6173.0
2018-07-24,6173.0
2018-07-25,6173.0
2018-07-26,6173.0
2018-07-27,6173.0
2018-07-28,6173.0
2018-07-29,6173.0
2018-07-30,6173.0
2018-07-31,6173.0
2018-08-01,6167.0
2018-08-02,6167.0
2018-08-03,6167.0
2018-08-04,6167.0
2018-08-05,6167.0
2018-08-06,6167.0
2018-08-07,6167.0
2018-08-08,6167.0
2018-08-09,6167.0
2018-08-10,6167.0
2018-08-11,6167.0
2018-08-12,6167.0
2018-08-13,6167.0
2018-08-14,6167.0
2018-08-15,6167.0
2018-08-16,6167.0
2018-08-17,6167.0
2018-08-18,6167.0
2018-08-19,6167.0
2018-08-20,6167.0
2018-08-21,6167.0
2018-08-22,6167.0
2018-08-23,6167.0
2018-08-24,6167.0
2018-08-25,6167.0
2018-08-26,6167.0
2018-08-27,6167.0
2018-08-28,6167.0
2018-08-29,6167.0
2018-08-30,6167.0
2018-08-31,6167.0
2018-09-01,6065.0
2018-09-02,6065.0
2018-09-03,6065.0
2018-09-04,6065.0
2018-09-05,6065.0
2018-09-06,6065.0
2018-09-07,6065.0
2018-09-08,6065.0
2018-09-09,6065.0
2018-09-10,6065.0
2018-09-11,6065.0
2018-09-12,6065.0
2018-09-13,6065.0
2018-09-14,6065.0
2018-09-15,6065.0
2018-09-16,6065.0
2018-09-17,6065.0
2018-09-18,6065.0
2018-09-19,6065.0
2018-09-20,6065.0
2018-09-21,6065.0
2018-09-22,6065.0
2018-09-23,6065.0
2018-09-24,6065.0
2018-09-25,6065.0
2018-09-26,6065.0
2018-09-27,6065.0
2018-09-28,6065.0
2018-09-29,6065.0
2018-09-30,6065.0
2018-10-01,6230.0
2018-10-02,6230.0
2018-10-03,6230.0
2018-10-04,6230.0
2018-10-05,6230.0
2018-10-06,6230.0
2018-10-07,6230.0
2018-10-08,6230.0
2018-10-09,6230.0
2018-10-10,6230.0
2018-10-11,6230.0
2018-10-12,6230.0
2018-10-13,6230.0
2018-10-14,6230.0
2018-10-15,6230.0
2018-10-16,6230.0
2018-10-17,6230.0
2018-10-18,6230.0
2018-10-19,6230.0
2018-10-20,6230.0
2018-10-21,6230.0
2018-10-22,6230.0
2018-10-23,6230.0
2018-10-24,6230.0
2018-10-25,6230.0
2018-10-26,6230.0
2018-10-27,6230.0
2018-10-28,6230.0
2018-10-29,6230.0
2018-10-30,6230.0
2018-10-31,6230.0
2018-11-01,6132.0
2018-11-02,6132.0
2018-11-03,6132.0
2018-11-04,6132.0
2018-11-05,6132.0
2018-11-06,6132.0
2018-11-07,6132.0
2018-11-08,6132.0
2018-11-09,6132.0
2018-11-10,6132.0
2018-11-11,6132.0
2018-11-12,6132.0
2018-11-13,6132.0
2018-11-14,6132.0
2018-11-15,6132.0
2018-11-16,6132.0
2018-11-17,6132.0
2018-11-18,6132.0
2018-11-19,6132.0
2018-11-20,6132.0
2018-11-21,6132.0
2018-11-22,6132.0
2018-11-23,6132.0
2018-11-24,6132.0
2018-11-25,6132.0
2018-11-26,6132.0
2018-11-27,6132.0
2018-11-28,6132.0
2018-11-29,6132.0
2018-11-30,6132.0
2018-12-01,6379.0
2018-12-02,6379.0
2018-12-03,6379.0
2018-12-04,6379.0
2018-12-05,6379.0
2018-12-06,6379.0
2018-12-07,6379.0
2018-12-08,6379.0
2018-12-09,6379.0
2018-12-10,6379.0
2018-12-11,6379.0
2018-12-12,6379.0
2018-12-13,6379.0
2018-12-14,6379.0
2018-12-15,6379.0
2018-12-16,6379.0
2018-12-17,6379.0
2018-12-18,6379.0
2018-12-19,6379.0
2018-12-20,6379.0
2018-12-21,6379.0
2018-12-22,6379.0
2018-12-23,6379.0
2018-12-24,6379.0
2018-12-25,6379.0
2018-12-26,6379.0
2018-12-27,6379.0
2018-12-28,6379.0
2018-12-29,6379.0
2018-12-30,6379.0
2018-12-31,6379.0
2019-01-01,6458.0
2019-01-02,6458.0
2019-01-03,6458.0
2019-01-04,6458.0
2019-01-05,6458.0
2019-01-06,6458.0
2019-01-07,6458.0
2019-01-08,6458.0
2019-01-09,6458.0
2019-01-10,6458.0
2019-01-11,6458.0
2019-01-12,6458.0
2019-01-13,6458.0
2019-01-14,6458.0
2019-01-15,6458.0
2019-01-16,6458.0
2019-01-17,6458.0
2019-01-18,6458.0
2019-01-19,6458.0
2019-01-20,6458.0
2019-01-21,6458.0
2019-01-22,6458.0
2019-01-23,6458.0
2019-01-24,6458.0
2019-01-25,6458.0
2019-01-26,6458.0
2019-01-27,6458.0
2019-01-28,6458.0
2019-01-29,6458.0
2019-01-30,6458.0
2019-01-31,6458.0
2019-02-01,6122.0
2019-02-02,6122.0
2019-02-03,6122.0
2019-02-04,6122.0
2019-02-05,6122.0
2019-02-06,6122.0
2019-02-07,6122.0
2019-02-08,6122.0
2019-02-09,6122.0
2019-02-10,6122.0
2019-02-11,6122.0
2019-02-12,6122.0
2019-02-13,6122.0
2019-02-14,6122.0
2019-02-15,6122.0
2019-02-16,6122.0
2019-02-17,6122.0
2019-02-18,6122.0
2019-02-19,6122.0
2019-02-20,6122.0
2019-02-21,6122.0
2019-02-22,6122.0
2019-02-23,6122.0
2019-02-24,6122.0
2019-02-25,6122.0
2019-02-26,6122.0
2019-02-27,6122.0
2019-02-28,6122.0
2019-03-01,6166.0
2019-03-02,6166.0
2019-03-03,6166.0
2019-03-04,6166.0
2019-03-05,6166.0
2019-03-06,6166.0
2019-03-07,6166.0
2019-03-08,6166.0
2019-03-09,6166.0
2019-03-10,6166.0
2019-03-11,6166.0
2019-03-12,6166.0
2019-03-13,6166.0
2019-03-14,6166.0
2019-03-15,6166.0
2019-03-16,6166.0
2019-03-17,6166.0
2019-03-18,6166.0
2019-03-19,6166.0
2019-03-20,6166.0
2019-03-21,6166.0
2019-03-22,6166.0
2019-03-23,6166.0
2019-03-24,6166.0
2019-03-25,6166.0
2019-03-26,6166.0
2019-03-27,6166.0
2019-03-28,6166.0
2019-03-29,6166.0
2019-03-30,6166.0
2019-03-31,6166.0
2019-04-01,5898.0
2019-04-02,5898.0
2019-04-03,5898.0
2019-04-04,5898.0
2019-04-05,5898.0
2019-04-06,5898.0
2019-04-07,5898.0
2019-04-08,5898.0
2019-04-09,5898.0
2019-04-10,5898.0
2019-04-11,5898.0
2019-04-12,5898.0
2019-04-13,5898.0
2019-04-14,5898.0
2019-04-15,5898.0
2019-04-16,5898.0
2019-04-17,5898.0
2019-04-18,5898.0
2019-04-19,5898.0
2019-04-20,5898.0
2019-04-21,5898.0
2019-04-22,5898.0
2019-04-23,5898.0
2019-04-24,5898.0
2019-04-25,5898.0
2019-04-26,5898.0
2019-04-27,5898.0
2019-04-28,5898.0
2019-04-29,5898.0
2019-04-30,5898.0
2019-05-01,5935.0
2019-05-02,5935.0
2019-05-03,5935.0
2019-05-04,5935.0
2019-05-05,5935.0
2019-05-06,5935.0
2019-05-07,5935.0
2019-05-08,5935.0
2019-05-09,5935.0
2019-05-10,5935.0
2019-05-11,5935.0
2019-05-12,5935.0
2019-05-13,5935.0
2019-05-14,5935.0
2019-05-15,5935.0
2019-05-16,5935.0
2019-05-17,5935.0
2019-05-18,5935.0
2019-05-19,5935.0
2019-05-20,5935.0
2019-05-21,5935.0
2019-05-22,5935.0
2019-05-23,5935.0
2019-05-24,5935.0
2019-05-25,5935.0
2019-05-26,5935.0
2019-05-27,5935.0
2019-05-28,5935.0
2019-05-29,5935.0
2019-05-30,5935.0
2019-05-31,5935.0
2019-06-01,5906.0
2019-06-02,5906.0
2019-06-03,5906.0
2019-06-04,5906.0
2019-06-05,5906.0
2019-06-06,5906.0
2019-06-07,5906.0
2019-06-08,5906.0
2019-06-09,5906.0
2019-06-10,5906.0
2019-06-11,5906.0
2019-06-12,5906.0
2019-06-13,5906.0
2019-06-14,5906.0
2019-06-15,5906.0
2019-06-16,5906.0
2019-06-17,5906.0
2019-06-18,5906.0
2019-06-19,5906.0
2019-06-20,5906.0
2019-06-21,5906.0
2019-06-22,5906.0
2019-06-23,5906.0
2019-06-24,5906.0
2019-06-25,5906.0
2019-06-26,5906.0
2019-06-27,5906.0
2019-06-28,5906.0
2019-06-29,5906.0
2019-06-30,5906.0
2019-07-01,5984.0
2019-07-02,5984.0
2019-07-03,5984.0
2019-07-04,5984.0
2019-07-05,5984.0
2019-07-06,5984.0
2019-07-07,5984.0
2019-07-08,5984.0
2019-07-09,5984.0
2019-07-10,5984.0
2019-07-11,5984.0
2019-07-12,5984.0
2019-07-13,5984.0
2019-07-14,5984.0
2019-07-15,5984.0
2019-07-16,5984.0
2019-07-17,5984.0
2019-07-18,5984.0
2019-07-19,5984.0
2019-07-20,5984.0
2019-07-21,5984.0
2019-07-22,5984.0
2019-07-23,5984.0
2019-07-24,5984.0
2019-07-25,5984.0
2019-07-26,5984.0
2019-07-27,5984.0
2019-07-28,5984.0
2019-07-29,5984.0
2019-07-30,5984.0
2019-07-31,5984.0
2019-08-01,5993.0
2019-08-02,5993.0
2019-08-03,5993.0
2019-08-04,5993.0
2019-08-05,5993.0
2019-08-06,5993.0
2019-08-07,5993.0
2019-08-08,5993.0
2019-08-09,5993.0
2019-08-10,5993.0
2019-08-11,5993.0
2019-08-12,5993.0
2019-08-13,5993.0
2019-08-14,5993.0
2019-08-15,5993.0
2019-08-16,5993.0
2019-08-17,5993.0
2019-08-18,5993.0
2019-08-19,5993.0
2019-08-20,5993.0
2019-08-21,5993.0
2019-08-22,5993.0
2019-08-23,5993.0
2019-08-24,5993.0
2019-08-25,5993.0
2019-08-26,5993.0
2019-08-27,5993.0
2019-08-28,5993.0
2019-08-29,5993.0
2019-08-30,5993.0
2019-08-31,5993.0
2019-09-01,5766.0
2019-09-02,5766.0
2019-09-03,5766.0
2019-09-04,5766.0
2019-09-05,5766.0
2019-09-06,5766.0
2019-09-07,5766.0
2019-09-08,5766.0
2019-09-09,5766.0
2019-09-10,5766.0
2019-09-11,5766.0
2019-09-12,5766.0
2019-09-13,5766.0
2019-09-14,5766.0
2019-09-15,5766.0
2019-09-16,5766.0
2019-09-17,5766.0
2019-09-18,5766.0
2019-09-19,5766.0
2019-09-20,5766.0
2019-09-21,5766.0
2019-09-22,5766.0
2019-09-23,5766.0
2019-09-24,5766.0
2019-09-25,5766.0
2019-09-26,5766.0
2019-09-27,5766.0
2019-09-28,5766.0
2019-09-29,5766.0
2019-09-30,5766.0
2019-10-01,5980.0
2019-10-02,5980.0
2019-10-03,5980.0
2019-10-04,5980.0
2019-10-05,5980.0
2019-10-06,5980.0
2019-10-07,5980.0
2019-10-08,5980.0
2019-10-09,5980.0
2019-10-10,5980.0
2019-10-11,5980.0
2019-10-12,5980.0
2019-10-13,5980.0
2019-10-14,5980.0
2019-10-15,5980.0
2019-10-16,5980.0
2019-10-17,5980.0
2019-10-18,5980.0
2019-10-19,5980.0
2019-10-20,5980.0
2019-10-21,5980.0
2019-10-22,5980.0
2019-10-23,5980.0
2019-10-24,5980.0
2019-10-25,5980.0
2019-10-26,5980.0
2019-10-27,5980.0
2019-10-28,5980.0
2019-10-29,5980.0
2019-10-30,5980.0
2019-10-31,5980.0
2019-11-01,5930.0
2019-11-02,5930.0
2019-11-03,5930.0
2019-11-04,5930.0
2019-11-05,5930.0
2019-11-06,5930.0
2019-11-07,5930.0
2019-11-08,5930.0
2019-11-09,5930.0
2019-11-10,5930.0
2019-11-11,5930.0
2019-11-12,5930.0
2019-11-13,5930.0
2019-11-14,5930.0
2019-11-15,5930.0
2019-11-16,5930.0
2019-11-17,5930.0
2019-11-18,5930.0
2019-11-19,5930.0
2019-11-20,5930.0
2019-11-21,5930.0
2019-11-22,5930.0
2019-11-23,5930.0
2019-11-24,5930.0
2019-11-25,5930.0
2019-11-26,5930.0
2019-11-27,5930.0
2019-11-28,5930.0
2019-11-29,5930.0
2019-11-30,5930.0
2019-12-01,5861.0
2019-12-02,5861.0
2019-12-03,5861.0
2019-12-04,5861.0
2019-12-05,5861.0
2019-12-06,5861.0
2019-12-07,5861.0
2019-12-08,5861.0
2019-12-09,5861.0
2019-12-10,5861.0
2019-12-11,5861.0
2019-12-12,5861.0
2019-12-13,5861.0
2019-12-14,5861.0
2019-12-15,5861.0
2019-12-16,5861.0
2019-12-17,5861.0
2019-12-18,5861.0
2019-12-19,5861.0
2019-12-20,5861.0
2019-12-21,5861.0
2019-12-22,5861.0
2019-12-23,5861.0
2019-12-24,5861.0
2019-12-25,5861.0
2019-12-26,5861.0
2019-12-27,5861.0
2019-12-28,5861.0
2019-12-29,5861.0
2019-12-30,5861.0
2019-12-31,5861.0
2020-01-01,5826.0
2020-01-02,5826.0
2020-01-03,5826.0
2020-01-04,5826.0
2020-01-05,5826.0
2020-01-06,5826.0
2020-01-07,5826.0
2020-01-08,5826.0
2020-01-09,5826.0
2020-01-10,5826.0
2020-01-11,5826.0
2020-01-12,5826.0
2020-01-13,5826.0
2020-01-14,5826.0
2020-01-15,5826.0
2020-01-16,5826.0
2020-01-17,5826.0
2020-01-18,5826.0
2020-01-19,5826.0
2020-01-20,5826.0
2020-01-21,5826.0
2020-01-22,5826.0
2020-01-23,5826.0
2020-01-24,5826.0
2020-01-25,5826.0
2020-01-26,5826.0
2020-01-27,5826.0
2020-01-28,5826.0
2020-01-29,5826.0
2020-01-30,5826.0
2020-01-31,5826.0
2020-02-01,5717.0
2020-02-02,5717.0
2020-02-03,5717.0
2020-02-04,5717.0
2020-02-05,5717.0
2020-02-06,5717.0
2020-02-07,5717.0
2020-02-08,5717.0
2020-02-09,5717.0
2020-02-10,5717.0
2020-02-11,5717.0
2020-02-12,5717.0
2020-02-13,5717.0
2020-02-14,5717.0
2020-02-15,5717.0
2020-02-16,5717.0
2020-02-17,5717.0
2020-02-18,5717.0
2020-02-19,5717.0
2020-02-20,5717.0
2020-02-21,5717.0
2020-02-22,5717.0
2020-02-23,5717.0
2020-02-24,5717.0
2020-02-25,5717.0
2020-02-26,5717.0
2020-02-27,5717.0
2020-02-28,5717.0
2020-02-29,5717.0
2020-03-01,7165.0
2020-03-02,7165.0
2020-03-03,7165.0
2020-03-04,7165.0
2020-03-05,7165.0
2020-03-06,7165.0
2020-03-07,7165.0
2020-03-08,7165.0
2020-03-09,7165.0
2020-03-10,7165.0
2020-03-11,7165.0
2020-03-12,7165.0
2020-03-13,7165.0
2020-03-14,7165.0
2020-03-15,7165.0
2020-03-16,7165.0
2020-03-17,7165.0
2020-03-18,7165.0
2020-03-19,7165.0
2020-03-20,7165.0
2020-03-21,7165.0
2020-03-22,7165.0
2020-03-23,7165.0
2020-03-24,7165.0
2020-03-25,7165.0
2020-03-26,7165.0
2020-03-27,7165.0
2020-03-28,7165.0
2020-03-29,7165.0
2020-03-30,7165.0
2020-03-31,7165.0
2020-04-01,23038.0
2020-04-02,23038.0
2020-04-03,23038.0
2020-04-04,23038.0
2020-04-05,23038.0
2020-04-06,23038.0
2020-04-07,23038.0
2020-04-08,23038.0
2020-04-09,23038.0
2020-04-10,23038.0
2020-04-11,23038.0
2020-04-12,23038.0
2020-04-13,23038.0
2020-04-14,23038.0
2020-04-15,23038.0
2020-04-16,23038.0
2020-04-17,23038.0
2020-04-18,23038.0
2020-04-19,23038.0
2020-04-20,23038.0
2020-04-21,23038.0
2020-04-22,23038.0
2020-04-23,23038.0
2020-04-24,23038.0
2020-04-25,23038.0
2020-04-26,23038.0
2020-04-27,23038.0
2020-04-28,23038.0
2020-04-29,23038.0
2020-04-30,23038.0
2020-05-01,20940.0
2020-05-02,20940.0
2020-05-03,20940.0
2020-05-04,20940.0
2020-05-05,20940.0
2020-05-06,20940.0
2020-05-07,20940.0
2020-05-08,20940.0
2020-05-09,20940.0
2020-05-10,20940.0
2020-05-11,20940.0
2020-05-12,20940.0
2020-05-13,20940.0
2020-05-14,20940.0
2020-05-15,20940.0
2020-05-16,20940.0
2020-05-17,20940.0
2020-05-18,20940.0
2020-05-19,20940.0
2020-05-20,20940.0
2020-05-21,20940.0
2020-05-22,20940.0
2020-05-23,20940.0
2020-05-24,20940.0
2020-05-25,20940.0
2020-05-26,20940.0
2020-05-27,20940.0
2020-05-28,20940.0
2020-05-29,20940.0
2020-05-30,20940.0
2020-05-31,20940.0
2020-06-01,17616.0
2020-06-02,17616.0
2020-06-03,17616.0
2020-06-04,17616.0
2020-06-05,17616.0
2020-06-06,17616.0
2020-06-07,17616.0
2020-06-08,17616.0
2020-06-09,17616.0
2020-06-10,17616.0
2020-06-11,17616.0
2020-06-12,17616.0
2020-06-13,17616.0
2020-06-14,17616.0
2020-06-15,17616.0
2020-06-16,17616.0
2020-06-17,17616.0
2020-06-18,17616.0
2020-06-19,17616.0
2020-06-20,17616.0
2020-06-21,17616.0
2020-06-22,17616.0
2020-06-23,17616.0
2020-06-24,17616.0
2020-06-25,17616.0
2020-06-26,17616.0
2020-06-27,17616.0
2020-06-28,17616.0
2020-06-29,17616.0
2020-06-30,17616.0
2020-07-01,16288.0
2020-07-02,16288.0
2020-07-03,16288.0
2020-07-04,16288.0
2020-07-05,16288.0
2020-07-06,16288.0
2020-07-07,16288.0
2020-07-08,16288.0
2020-07-09,16288.0
2020-07-10,16288.0
2020-07-11,16288.0
2020-07-12,16288.0
2020-07-13,16288.0
2020-07-14,16288.0
2020-07-15,16288.0
2020-07-16,16288.0
2020-07-17,16288.0
2020-07-18,16288.0
2020-07-19,16288.0
2020-07-20,16288.0
2020-07-21,16288.0
2020-07-22,16288.0
2020-07-23,16288.0
2020-07-24,16288.0
2020-07-25,16288.0
2020-07-26,16288.0
2020-07-27,16288.0
2020-07-28,16288.0
2020-07-29,16288.0
2020-07-30,16288.0
2020-07-31,16288.0
2020-08-01,13532.0
2020-08-02,13532.0
2020-08-03,13532.0
2020-08-04,13532.0
2020-08-05,13532.0
2020-08-06,13532.0
2020-08-07,13532.0
2020-08-08,13532.0
2020-08-09,13532.0
2020-08-10,13532.0
2020-08-11,13532.0
2020-08-12,13532.0
2020-08-13,13532.0
2020-08-14,13532.0
2020-08-15,13532.0
2020-08-16,13532.0
2020-08-17,13532.0
2020-08-18,13532.0
2020-08-19,13532.0
2020-08-20,13532.0
2020-08-21,13532.0
2020-08-22,13532.0
2020-08-23,13532.0
2020-08-24,13532.0
2020-08-25,13532.0
2020-08-26,13532.0
2020-08-27,13532.0
2020-08-28,13532.0
2020-08-29,13532.0
2020-08-30,13532.0
2020-08-31,13532.0
2020-09-01,12584.0
2020-09-02,12584.0
2020-09-03,12584.0
2020-09-04,12584.0
2020-09-05,12584.0
2020-09-06,12584.0
2020-09-07,12584.0
2020-09-08,12584.0
2020-09-09,12584.0
2020-09-10,12584.0
2020-09-11,12584.0
2020-09-12,12584.0
2020-09-13,12584.0
2020-09-14,12584.0
2020-09-15,12584.0
2020-09-16,12584.0
2020-09-17,12584.0
2020-09-18,12584.0
2020-09-19,12584.0
2020-09-20,12584.0
2020-09-21,12584.0
2020-09-22,12584.0
2020-09-23,12584.0
2020-09-24,12584.0
2020-09-25,12584.0
2020-09-26,12584.0
2020-09-27,12584.0
2020-09-28,12584.0
2020-09-29,12584.0
2020-09-30,12584.0
2020-10-01,11115.0
2020-10-02,11115.0
2020-10-03,11115.0
2020-10-04,11115.0
2020-10-05,11115.0
2020-10-06,11115.0
2020-10-07,11115.0
2020-10-08,11115.0
2020-10-09,11115.0
2020-10-10,11115.0
2020-10-11,11115.0
2020-10-12,11115.0
2020-10-13,11115.0
2020-10-14,11115.0
2020-10-15,11115.0
2020-10-16,11115.0
2020-10-17,11115.0
2020-10-18,11115.0
2020-10-19,11115.0
2020-10-20,11115.0
2020-10-21,11115.0
2020-10-22,11115.0
2020-10-23,11115.0
2020-10-24,11115.0
2020-10-25,11115.0
2020-10-26,11115.0
2020-10-27,11115.0
2020-10-28,11115.0
2020-10-29,11115.0
2020-10-30,11115.0
2020-10-31,11115.0
2020-11-01,10777.0
2020-11-02,10777.0
2020-11-03,10777.0
2020-11-04,10777.0
2020-11-05,10777.0
2020-11-06,10777.0
2020-11-07,10777.0
2020-11-08,10777.0
2020-11-09,10777.0
2020-11-10,10777.0
2020-11-11,10777.0
2020-11-12,10777.0
2020-11-13,10777.0
2020-11-14,10777.0
2020-11-15,10777.0
2020-11-16,10777.0
2020-11-17,10777.0
2020-11-18,10777.0
2020-11-19,10777.0
2020-11-20,10777.0
2020-11-21,10777.0
2020-11-22,10777.0
2020-11-23,10777.0
2020-11-24,10777.0
2020-11-25,10777.0
2020-11-26,10777.0
2020-11-27,10777.0
2020-11-28,10777.0
2020-11-29,10777.0
2020-11-30,10777.0
2020-12-01,10789.0
2020-12-02,10789.0
2020-12-03,10789.0
2020-12-04,10789.0
2020-12-05,10789.0
2020-12-06,10789.0
2020-12-07,10789.0
2020-12-08,10789.0
2020-12-09,10789.0
2020-12-10,10789.0
2020-12-11,10789.0
2020-12-12,10789.0
2020-12-13,10789.0
2020-12-14,10789.0
2020-12-15,10789.0
2020-12-16,10789.0
2020-12-17,10789.0
2020-12-18,10789.0
2020-12-19,10789.0
2020-12-20,10789.0
2020-12-21,10789.0
2020-12-22,10789.0
2020-12-23,10789.0
2020-12-24,10789.0
2020-12-25,10789.0
2020-12-26,10789.0
2020-12-27,10789.0
2020-12-28,10789.0
2020-12-29,10789.0
2020-12-30,10789.0
2020-12-31,10789.0
2021-01-01,10180.0
2021-01-02,10180.0
2021-01-03,10180.0
2021-01-04,10180.0
2021-01-05,10180.0
2021-01-06,10180.0
2021-01-07,10180.0
2021-01-08,10180.0
2021-01-09,10180.0
2021-01-10,10180.0
2021-01-11,10180.0
2021-01-12,10180.0
2021-01-13,10180.0
2021-01-14,10180.0
2021-01-15,10180.0
2021-01-16,10180.0
2021-01-17,10180.0
2021-01-18,10180.0
2021-01-19,10180.0
2021-01-20,10180.0
2021-01-21,10180.0
2021-01-22,10180.0
2021-01-23,10180.0
2021-01-24,10180.0
2021-01-25,10180.0
2021-01-26,10180.0
2021-01-27,10180.0
2021-01-28,10180.0
2021-01-29,10180.0
2021-01-30,10180.0
2021-01-31,10180.0
2021-02-01,9992.0
2021-02-02,9992.0
2021-02-03,9992.0
2021-02-04,9992.0
2021-02-05,9992.0
2021-02-06,9992.0
2021-02-07,9992.0
2021-02-08,9992.0
2021-02-09,9992.0
2021-02-10,9992.0
2021-02-11,9992.0
2021-02-12,9992.0
2021-02-13,9992.0
2021-02-14,9992.0
2021-02-15,9992.0
2021-02-16,9992.0
2021-02-17,9992.0
2021-02-18,9992.0
2021-02-19,9992.0
2021-02-20,9992.0
2021-02-21,9992.0
2021-02-22,9992.0
2021-02-23,9992.0
2021-02-24,9992.0
2021-02-25,9992.0
2021-02-26,9992.0
2021-02-27,9992.0
2021-02-28,9992.0
2021-03-01,9691.0
2021-03-02,9691.0
2021-03-03,9691.0
2021-03-04,9691.0
2021-03-05,9691.0
2021-03-06,9691.0
2021-03-07,9691.0
2021-03-08,9691.0
2021-03-09,9691.0
2021-03-10,9691.0
2021-03-11,9691.0
2021-03-12,9691.0
2021-03-13,9691.0
2021-03-14,9691.0
2021-03-15,9691.0
2021-03-16,9691.0
2021-03-17,9691.0
2021-03-18,9691.0
2021-03-19,9691.0
2021-03-20,9691.0
2021-03-21,9691.0
2021-03-22,9691.0
2021-03-23,9691.0
2021-03-24,9691.0
2021-03-25,9691.0
2021-03-26,9691.0
2021-03-27,9691.0
2021-03-28,9691.0
2021-03-29,9691.0
2021-03-30,9691.0
2021-03-31,9691.0
2021-04-01,9719.0
2021-04-02,9719.0
2021-04-03,9719.0
2021-04-04,9719.0
2021-04-05,9719.0
2021-04-06,9719.0
2021-04-07,9719.0
2021-04-08,9719.0
2021-04-09,9719.0
2021-04-10,9719.0
2021-04-11,9719.0
2021-04-12,9719.0
2021-04-13,9719.0
2021-04-14,9719.0
2021-04-15,9719.0
2021-04-16,9719.0
2021-04-17,9719.0
2021-04-18,9719.0
2021-04-19,9719.0
2021-04-20,9719.0
2021-04-21,9719.0
2021-04-22,9719.0
2021-04-23,9719.0
2021-04-24,9719.0
2021-04-25,9719.0
2021-04-26,9719.0
2021-04-27,9719.0
2021-04-28,9719.0
2021-04-29,9719.0
2021-04-30,9719.0
2021-05-01,9251.0
2021-05-02,9251.0
2021-05-03,9251.0
2021-05-04,9251.0
2021-05-05,9251.0
2021-05-06,9251.0
2021-05-07,9251.0
2021-05-08,9251.0
2021-05-09,9251.0
2021-05-10,9251.0
2021-05-11,9251.0
2021-05-12,9251.0
2021-05-13,9251.0
2021-05-14,9251.0
2021-05-15,9251.0
2021-05-16,9251.0
2021-05-17,9251.0
2021-05-18,9251.0
2021-05-19,9251.0
2021-05-20,9251.0
2021-05-21,9251.0
2021-05-22,9251.0
2021-05-23,9251.0
2021-05-24,9251.0
2021-05-25,9251.0
2021-05-26,9251.0
2021-05-27,9251.0
2021-05-28,9251.0
2021-05-29,9251.0
2021-05-30,9251.0
2021-05-31,9251.0
2021-06-01,9502.0
2021-06-02,9502.0
2021-06-03,9502.0
2021-06-04,9502.0
2021-06-05,9502.0
2021-06-06,9502.0
2021-06-07,9502.0
2021-06-08,9502.0
2021-06-09,9502.0
2021-06-10,9502.0
2021-06-11,9502.0
2021-06-12,9502.0
2021-06-13,9502.0
2021-06-14,9502.0
2021-06-15,9502.0
2021-06-16,9502.0
2021-06-17,9502.0
2021-06-18,9502.0
2021-06-19,9502.0
2021-06-20,9502.0
2021-06-21,9502.0
2021-06-22,9502.0
2021-06-23,9502.0
2021-06-24,9502.0
2021-06-25,9502.0
2021-06-26,9502.0
2021-06-27,9502.0
2021-06-28,9502.0
2021-06-29,9502.0
2021-06-30,9502.0
2021-07-01,8671.0
2021-07-02,8671.0
2021-07-03,8671.0
2021-07-04,8671.0
2021-07-05,8671.0
2021-07-06,8671.0
2021-07-07,8671.0
2021-07-08,8671.0
2021-07-09,8671.0
2021-07-10,8671.0
2021-07-11,8671.0
2021-07-12,8671.0
2021-07-13,8671.0
2021-07-14,8671.0
2021-07-15,8671.0
2021-07-16,8671.0
2021-07-17,8671.0
2021-07-18,8671.0
2021-07-19,8671.0
2021-07-20,8671.0
2021-07-21,8671.0
2021-07-22,8671.0
2021-07-23,8671.0
2021-07-24,8671.0
2021-07-25,8671.0
2021-07-26,8671.0
2021-07-27,8671.0
2021-07-28,8671.0
2021-07-29,8671.0
2021-07-30,8671.0
2021-07-31,8671.0
2021-08-01,8339.0
2021-08-02,8339.0
2021-08-03,8339.0
2021-08-04,8339.0
2021-08-05,8339.0
2021-08-06,8339.0
2021-08-07,8339.0
2021-08-08,8339.0
2021-08-09,8339.0
2021-08-10,8339.0
2021-08-11,8339.0
2021-08-12,8339.0
2021-08-13,8339.0
2021-08-14,8339.0
2021-08-15,8339.0
2021-08-16,8339.0
2021-08-17,8339.0
2021-08-18,8339.0
2021-08-19,8339.0
2021-08-20,8339.0
2021-08-21,8339.0
2021-08-22,8339.0
2021-08-23,8339.0
2021-08-24,8339.0
2021-08-25,8339.0
2021-08-26,8339.0
2021-08-27,8339.0
2021-08-28,8339.0
2021-08-29,8339.0
2021-08-30,8339.0
2021-08-31,8339.0
2021-09-01,7666.0
2021-09-02,7666.0
2021-09-03,7666.0
2021-09-04,7666.0
2021-09-05,7666.0
2021-09-06,7666.0
2021-09-07,7666.0
2021-09-08,7666.0
2021-09-09,7666.0
2021-09-10,7666.0
2021-09-11,7666.0
2021-09-12,7666.0
2021-09-13,7666.0
2021-09-14,7666.0
2021-09-15,7666.0
2021-09-16,7666.0
2021-09-17,7666.0
2021-09-18,7666.0
2021-09-19,7666.0
2021-09-20,7666.0
2021-09-21,7666.0
2021-09-22,7666.0
2021-09-23,7666.0
2021-09-24,7666.0
2021-09-25,7666.0
2021-09-26,7666.0
2021-09-27,7666.0
2021-09-28,7666.0
2021-09-29,7666.0
2021-09-30,7666.0
2021-10-01,7375.0
2021-10-02,7375.0
2021-10-03,7375.0
2021-10-04,7375.0
2021-10-05,7375.0
2021-10-06,7375.0
2021-10-07,7375.0
2021-10-08,7375.0
2021-10-09,7375.0
2021-10-10,7375.0
2021-10-11,7375.0
2021-10-12,7375.0
2021-10-13,7375.0
2021-10-14,7375.0
2021-10-15,7375.0
2021-10-16,7375.0
2021-10-17,7375.0
2021-10-18,7375.0
2021-10-19,7375.0
2021-10-20,7375.0
2021-10-21,7375.0
2021-10-22,7375.0
2021-10-23,7375.0
2021-10-24,7375.0
2021-10-25,7375.0
2021-10-26,7375.0
2021-10-27,7375.0
2021-10-28,7375.0
2021-10-29,7375.0
2021-10-30,7375.0
2021-10-31,7375.0
2021-11-01,6802.0
2021-11-02,6802.0
2021-11-03,6802.0
2021-11-04,6802.0
2021-11-05,6802.0
2021-11-06,6802.0
2021-11-07,6802.0
2021-11-08,6802.0
2021-11-09,6802.0
2021-11-10,6802.0
2021-11-11,6802.0
2021-11-12,6802.0
2021-11-13,6802.0
2021-11-14,6802.0
2021-11-15,6802.0
2021-11-16,6802.0
2021-11-17,6802.0
2021-11-18,6802.0
2021-11-19,6802.0
2021-11-20,6802.0
2021-11-21,6802.0
2021-11-22,6802.0
2021-11-23,6802.0
2021-11-24,6802.0
2021-11-25,6802.0
2021-11-26,6802.0
2021-11-27,6802.0
2021-11-28,6802.0
2021-11-29,6802.0
2021-11-30,6802.0
2021-12-01,6319.0
2021-12-02,6319.0
2021-12-03,6319.0
2021-12-04,6319.0
2021-12-05,6319.0
2021-12-06,6319.0
2021-12-07,6319.0
2021-12-08,6319.0
2021-12-09,6319.0
2021-12-10,6319.0
2021-12-11,6319.0
2021-12-12,6319.0
2021-12-13,6319.0
2021-12-14,6319.0
2021-12-15,6319.0
2021-12-16,6319.0
2021-12-17,6319.0
2021-12-18,6319.0
2021-12-19,6319.0
2021-12-20,6319.0
2021-12-21,6319.0
2021-12-22,6319.0
2021-12-23,6319.0
2021-12-24,6319.0
2021-12-25,6319.0
2021-12-26,6319.0
2021-12-27,6319.0
2021-12-28,6319.0
2021-12-29,6319.0
2021-12-30,6319.0
2021-12-31,6319.0
2022-01-01,6513.0
2022-01-02,6513.0
2022-01-03,6513.0
2022-01-04,6513.0
2022-01-05,6513.0
2022-01-06,6513.0
2022-01-07,6513.0
2022-01-08,6513.0
2022-01-09,6513.0
2022-01-10,6513.0
2022-01-11,6513.0
2022-01-12,6513.0
2022-01-13,6513.0
2022-01-14,6513.0
2022-01-15,6513.0
2022-01-16,6513.0
2022-01-17,6513.0
2022-01-18,6513.0
2022-01-19,6513.0
2022-01-20,6513.0
2022-01-21,6513.0
2022-01-22,6513.0
2022-01-23,6513.0
2022-01-24,6513.0
2022-01-25,6513.0
2022-01-26,6513.0
2022-01-27,6513.0
2022-01-28,6513.0
2022-01-29,6513.0
2022-01-30,6513.0
2022-01-31,6513.0
2022-02-01,6270.0
2022-02-02,6270.0
2022-02-03,6270.0
2022-02-04,6270.0
2022-02-05,6270.0
2022-02-06,6270.0
2022-02-07,6270.0
2022-02-08,6270.0
2022-02-09,6270.0
2022-02-10,6270.0
2022-02-11,6270.0
2022-02-12,6270.0
2022-02-13,6270.0
2022-02-14,6270.0
2022-02-15,6270.0
2022-02-16,6270.0
2022-02-17,6270.0
2022-02-18,6270.0
2022-02-19,6270.0
2022-02-20,6270.0
2022-02-21,6270.0
2022-02-22,6270.0
2022-02-23,6270.0
2022-02-24,6270.0
2022-02-25,6270.0
2022-02-26,6270.0
2022-02-27,6270.0
2022-02-28,6270.0
2022-03-01,5952.0
2022-03-02,5952.0
2022-03-03,5952.0
2022-03-04,5952.0
2022-03-05,5952.0
2022-03-06,5952.0
2022-03-07,5952.0
2022-03-08,5952.0
2022-03-09,5952.0
2022-03-10,5952.0
2022-03-11,5952.0
2022-03-12,5952.0
2022-03-13,5952.0
2022-03-14,5952.0
2022-03-15,5952.0
2022-03-16,5952.0
2022-03-17,5952.0
2022-03-18,5952.0
2022-03-19,5952.0
2022-03-20,5952.0
2022-03-21,5952.0
2022-03-22,5952.0
2022-03-23,5952.0
2022-03-24,5952.0
2022-03-25,5952.0
2022-03-26,5952.0
2022-03-27,5952.0
2022-03-28,5952.0
2022-03-29,5952.0
2022-03-30,5952.0
2022-03-31,5952.0
2022-04-01,5941.0
2022-04-02,5941.0
2022-04-03,5941.0
2022-04-04,5941.0
2022-04-05,5941.0
2022-04-06,5941.0
2022-04-07,5941.0
2022-04-08,5941.0
2022-04-09,5941.0
2022-04-10,5941.0
2022-04-11,5941.0
2022-04-12,5941.0
2022-04-13,5941.0
2022-04-14,5941.0
2022-04-15,5941.0
2022-04-16,5941.0
2022-04-17,5941.0
2022-04-18,5941.0
2022-04-19,5941.0
2022-04-20,5941.0
2022-04-21,5941.0
2022-04-22,5941.0
2022-04-23,5941.0
2022-04-24,5941.0
2022-04-25,5941.0
2022-04-26,5941.0
2022-04-27,5941.0
2022-04-28,5941.0
2022-04-29,5941.0
2022-04-30,5941.0
2022-05-01,5950.0
2022-05-02,5950.0
2022-05-03,5950.0
2022-05-04,5950.0
2022-05-05,5950.0
2022-05-06,5950.0
2022-05-07,5950.0
2022-05-08,5950.0
2022-05-09,5950.0
2022-05-10,5950.0
2022-05-11,5950.0
2022-05-12,5950.0
2022-05-13,5950.0
2022-05-14,5950.0
2022-05-15,5950.0
2022-05-16,5950.0
2022-05-17,5950.0
2022-05-18,5950.0
2022-05-19,5950.0
2022-05-20,5950.0
2022-05-21,5950.0
2022-05-22,5950.0
2022-05-23,5950.0
2022-05-24,5950.0
2022-05-25,5950.0
2022-05-26,5950.0
2022-05-27,5950.0
2022-05-28,5950.0
2022-05-29,5950.0
2022-05-30,5950.0
2022-05-31,5950.0
2022-06-01,5912.0
2022-06-02,5912.0
2022-06-03,5912.0
2022-06-04,5912.0
2022-06-05,5912.0
2022-06-06,5912.0
2022-06-07,5912.0
2022-06-08,5912.0
2022-06-09,5912.0
2022-06-10,5912.0
2022-06-11,5912.0
2022-06-12,5912.0
2022-06-13,5912.0
2022-06-14,5912.0
2022-06-15,5912.0
2022-06-16,5912.0
2022-06-17,5912.0
2022-06-18,5912.0
2022-06-19,5912.0
2022-06-20,5912.0
2022-06-21,5912.0
2022-06-22,5912.0
2022-06-23,5912.0
2022-06-24,5912.0
2022-06-25,5912.0
2022-06-26,5912.0
2022-06-27,5912.0
2022-06-28,5912.0
2022-06-29,5912.0
2022-06-30,5912.0
2022-07-01,5670.0
2022-07-02,5670.0
2022-07-03,5670.0
2022-07-04,5670.0
2022-07-05,5670.0
2022-07-06,5670.0
2022-07-07,5670.0
2022-07-08,5670.0
2022-07-09,5670.0
2022-07-10,5670.0
2022-07-11,5670.0
2022-07-12,5670.0
2022-07-13,5670.0
2022-07-14,5670.0
2022-07-15,5670.0
2022-07-16,5670.0
2022-07-17,5670.0
2022-07-18,5670.0
2022-07-19,5670.0
2022-07-20,5670.0
2022-07-21,5670.0
2022-07-22,5670.0
2022-07-23,5670.0
2022-07-24,5670.0
2022-07-25,5670.0
2022-07-26,5670.0
2022-07-27,5670.0
2022-07-28,5670.0
2022-07-29,5670.0
2022-07-30,5670.0
2022-07-31,5670.0
2022-08-01,6014.0
2022-08-02,6014.0
2022-08-03,6014.0
2022-08-04,6014.0
2022-08-05,6014.0
2022-08-06,6014.0
2022-08-07,6014.0
2022-08-08,6014.0
2022-08-09,6014.0
2022-08-10,6014.0
2022-08-11,6014.0
2022-08-12,6014.0
2022-08-13,6014.0
2022-08-14,6014.0
2022-08-15,6014.0
2022-08-16,6014.0
2022-08-17,6014.0
2022-08-18,6014.0
2022-08-19,6014.0
2022-08-20,6014.0
2022-08-21,6014.0
2022-08-22,6014.0
2022-08-23,6014.0
2022-08-24,6014.0
2022-08-25,6014.0
2022-08-26,6014.0
2022-08-27,6014.0
2022-08-28,6014.0
2022-08-29,6014.0
2022-08-30,6014.0
2022-08-31,6014.0
2022-09-01,5753.0
2022-09-02,5753.0
2022-09-03,5753.0
2022-09-04,5753.0
2022-09-05,5753.0
2022-09-06,5753.0
2022-09-07,5753.0
2022-09-08,5753.0
2022-09-09,5753.0
2022-09-10,5753.0
2022-09-11,5753.0
2022-09-12,5753.0
2022-09-13,5753.0
2022-09-14,5753.0
2022-09-15,5753.0
2022-09-16,5753.0
2022-09-17,5753.0
2022-09-18,5753.0
2022-09-19,5753.0
2022-09-20,5753.0
2022-09-21,5753.0
2022-09-22,5753.0
2022-09-23,5753.0
2022-09-24,5753.0
2022-09-25,5753.0
2022-09-26,5753.0
2022-09-27,5753.0
2022-09-28,5753.0
2022-09-29,5753.0
2022-09-30,5753.0
