Date,Open,High,Low,Close,Adj Close,Volume
2017-10-31,2.370000,2.379000,2.369000,2.376000,2.376000,0
2017-11-01,2.398000,2.401000,2.349000,2.376000,2.376000,0
2017-11-02,2.363000,2.370000,2.336000,2.347000,2.347000,0
2017-11-03,2.351000,2.361000,2.324000,2.343000,2.343000,0
2017-11-05,null,null,null,null,null,null
2017-11-06,2.325000,2.333000,2.315000,2.320000,2.320000,0
2017-11-07,2.327000,2.329000,2.304000,2.307000,2.307000,0
2017-11-08,2.315000,2.327000,2.306000,2.325000,2.325000,0
2017-11-09,2.333000,2.345000,2.315000,2.331000,2.331000,0
2017-11-10,2.368000,2.406000,2.366000,2.400000,2.400000,0
2017-11-12,null,null,null,null,null,null
2017-11-13,2.382000,2.404000,2.379000,2.400000,2.400000,0
2017-11-14,2.388000,2.407000,2.374000,2.381000,2.381000,0
2017-11-15,2.335000,2.359000,2.319000,2.335000,2.335000,0
2017-11-16,2.358000,2.361000,2.343000,2.361000,2.361000,0
2017-11-17,2.367000,2.374000,2.336000,2.354000,2.354000,0
2017-11-19,null,null,null,null,null,null
2017-11-20,2.336000,2.372000,2.336000,2.372000,2.372000,0
2017-11-21,2.358000,2.374000,2.335000,2.363000,2.363000,0
2017-11-22,2.368000,2.372000,2.319000,2.322000,2.322000,0
2017-11-24,2.337000,2.344000,2.329000,2.340000,2.340000,0
2017-11-26,null,null,null,null,null,null
2017-11-27,2.333000,2.351000,2.324000,2.328000,2.328000,0
2017-11-28,2.328000,2.342000,2.310000,2.338000,2.338000,0
2017-11-29,2.363000,2.395000,2.363000,2.376000,2.376000,0
2017-11-30,2.390000,2.437000,2.381000,2.417000,2.417000,0
2017-12-01,2.383000,2.424000,2.315000,2.362000,2.362000,0
2017-12-03,null,null,null,null,null,null
2017-12-04,2.396000,2.403000,2.378000,2.379000,2.379000,0
2017-12-05,2.390000,2.396000,2.355000,2.356000,2.356000,0
2017-12-06,2.333000,2.335000,2.314000,2.330000,2.330000,0
2017-12-07,2.339000,2.376000,2.323000,2.376000,2.376000,0
2017-12-08,2.381000,2.392000,2.362000,2.383000,2.383000,0
2017-12-10,null,null,null,null,null,null
2017-12-11,2.362000,2.387000,2.358000,2.385000,2.385000,0
2017-12-12,2.392000,2.421000,2.392000,2.403000,2.403000,0
2017-12-13,2.426000,2.426000,2.349000,2.349000,2.349000,0
2017-12-14,2.367000,2.389000,2.344000,2.346000,2.346000,0
2017-12-15,2.358000,2.380000,2.353000,2.355000,2.355000,0
2017-12-17,null,null,null,null,null,null
2017-12-18,2.373000,2.398000,2.367000,2.392000,2.392000,0
2017-12-19,2.409000,2.472000,2.407000,2.463000,2.463000,0
2017-12-20,2.483000,2.497000,2.472000,2.497000,2.497000,0
2017-12-21,2.486000,2.499000,2.479000,2.481000,2.481000,0
2017-12-22,2.485000,2.492000,2.481000,2.485000,2.485000,0
2017-12-24,null,null,null,null,null,null
2017-12-26,2.488000,2.490000,2.459000,2.467000,2.467000,0
2017-12-27,2.467000,2.467000,2.411000,2.414000,2.414000,0
2017-12-28,2.432000,2.441000,2.420000,2.432000,2.432000,0
2017-12-29,2.434000,2.442000,2.405000,2.405000,2.405000,0
2017-12-31,null,null,null,null,null,null
2018-01-02,2.433000,2.480000,2.425000,2.465000,2.465000,0
2018-01-03,2.451000,2.465000,2.440000,2.447000,2.447000,0
2018-01-04,2.473000,2.487000,2.449000,2.453000,2.453000,0
2018-01-05,2.465000,2.480000,2.436000,2.476000,2.476000,0
2018-01-07,null,null,null,null,null,null
2018-01-08,2.471000,2.489000,2.462000,2.480000,2.480000,0
2018-01-09,2.491000,2.546000,2.489000,2.546000,2.546000,0
2018-01-10,2.584000,2.595000,2.550000,2.550000,2.550000,0
2018-01-11,2.564000,2.570000,2.526000,2.531000,2.531000,0
2018-01-12,2.548000,2.594000,2.546000,2.552000,2.552000,0
2018-01-14,null,null,null,null,null,null
2018-01-16,2.539000,2.563000,2.526000,2.544000,2.544000,0
2018-01-17,2.561000,2.581000,2.541000,2.578000,2.578000,0
2018-01-18,2.613000,2.620000,2.598000,2.611000,2.611000,0
2018-01-19,2.626000,2.646000,2.613000,2.637000,2.637000,0
2018-01-21,null,null,null,null,null,null
2018-01-22,2.658000,2.665000,2.632000,2.665000,2.665000,0
2018-01-23,2.628000,2.639000,2.611000,2.624000,2.624000,0
2018-01-24,2.652000,2.663000,2.634000,2.654000,2.654000,0
2018-01-25,2.637000,2.676000,2.619000,2.621000,2.621000,0
2018-01-26,2.636000,2.673000,2.630000,2.662000,2.662000,0
2018-01-28,null,null,null,null,null,null
2018-01-29,2.720000,2.725000,2.694000,2.699000,2.699000,0
2018-01-30,2.711000,2.733000,2.701000,2.726000,2.726000,0
2018-01-31,2.713000,2.754000,2.698000,2.720000,2.720000,0
2018-02-01,2.743000,2.776000,2.722000,2.773000,2.773000,0
2018-02-02,2.786000,2.854000,2.786000,2.854000,2.854000,0
2018-02-04,null,null,null,null,null,null
2018-02-05,2.834000,2.862000,2.794000,2.794000,2.794000,0
2018-02-06,2.738000,2.787000,2.736000,2.768000,2.768000,0
2018-02-07,2.787000,2.851000,2.772000,2.844000,2.844000,0
2018-02-08,2.857000,2.884000,2.808000,2.851000,2.851000,0
2018-02-09,2.831000,2.862000,2.788000,2.829000,2.829000,0
2018-02-11,null,null,null,null,null,null
2018-02-12,2.882000,2.882000,2.828000,2.857000,2.857000,0
2018-02-13,2.844000,2.853000,2.835000,2.840000,2.840000,0
2018-02-14,2.819000,2.913000,2.817000,2.913000,2.913000,0
2018-02-15,2.917000,2.926000,2.882000,2.891000,2.891000,0
2018-02-16,2.877000,2.888000,2.850000,2.877000,2.877000,0
2018-02-18,null,null,null,null,null,null
2018-02-20,2.902000,2.915000,2.890000,2.893000,2.893000,0
2018-02-21,2.884000,2.943000,2.877000,2.943000,2.943000,0
2018-02-22,2.921000,2.928000,2.904000,2.917000,2.917000,0
2018-02-23,2.884000,2.893000,2.862000,2.871000,2.871000,0
2018-02-25,null,null,null,null,null,null
2018-02-26,2.841000,2.862000,2.831000,2.859000,2.859000,0
2018-02-27,2.870000,2.925000,2.850000,2.908000,2.908000,0
2018-02-28,2.881000,2.897000,2.868000,2.868000,2.868000,0
2018-03-01,2.831000,2.868000,2.795000,2.804000,2.804000,0
2018-03-02,2.817000,2.870000,2.817000,2.857000,2.857000,0
2018-03-04,null,null,null,null,null,null
2018-03-05,2.842000,2.895000,2.830000,2.881000,2.881000,0
2018-03-06,2.894000,2.897000,2.857000,2.877000,2.877000,0
2018-03-07,2.864000,2.883000,2.850000,2.883000,2.883000,0
2018-03-08,2.885000,2.888000,2.848000,2.866000,2.866000,0
2018-03-09,2.875000,2.914000,2.870000,2.894000,2.894000,0
2018-03-11,null,null,null,null,null,null
2018-03-12,2.899000,2.901000,2.870000,2.870000,2.870000,0
2018-03-13,2.866000,2.872000,2.830000,2.848000,2.848000,0
2018-03-14,2.850000,2.857000,2.801000,2.817000,2.817000,0
2018-03-15,2.813000,2.835000,2.808000,2.826000,2.826000,0
2018-03-16,2.823000,2.859000,2.823000,2.848000,2.848000,0
2018-03-18,null,null,null,null,null,null
2018-03-19,2.874000,2.879000,2.834000,2.845000,2.845000,0
2018-03-20,2.870000,2.889000,2.870000,2.879000,2.879000,0
2018-03-21,2.903000,2.936000,2.870000,2.907000,2.907000,0
2018-03-22,2.850000,2.850000,2.799000,2.832000,2.832000,0
2018-03-23,2.845000,2.852000,2.825000,2.830000,2.830000,0
2018-03-25,null,null,null,null,null,null
2018-03-26,2.854000,2.854000,2.819000,2.843000,2.843000,0
2018-03-27,2.841000,2.841000,2.786000,2.786000,2.786000,0
2018-03-28,2.772000,2.790000,2.744000,2.775000,2.775000,0
2018-03-29,2.768000,2.775000,2.739000,2.741000,2.741000,0
2018-04-01,null,null,null,null,null,null
2018-04-02,2.763000,2.774000,2.717000,2.732000,2.732000,0
2018-04-03,2.759000,2.784000,2.753000,2.784000,2.784000,0
2018-04-04,2.757000,2.795000,2.748000,2.788000,2.788000,0
2018-04-05,2.817000,2.834000,2.814000,2.832000,2.832000,0
2018-04-06,2.819000,2.819000,2.774000,2.775000,2.775000,0
2018-04-08,null,null,null,null,null,null
2018-04-09,2.790000,2.812000,2.786000,2.786000,2.786000,0
2018-04-10,2.799000,2.812000,2.784000,2.797000,2.797000,0
2018-04-11,2.777000,2.797000,2.755000,2.790000,2.790000,0
2018-04-12,2.792000,2.838000,2.792000,2.834000,2.834000,0
2018-04-13,2.838000,2.849000,2.818000,2.829000,2.829000,0
2018-04-15,null,null,null,null,null,null
2018-04-16,2.864000,2.865000,2.830000,2.832000,2.832000,0
2018-04-17,2.838000,2.841000,2.814000,2.814000,2.814000,0
2018-04-18,2.840000,2.867000,2.832000,2.867000,2.867000,0
2018-04-19,2.893000,2.934000,2.893000,2.914000,2.914000,0
2018-04-20,2.917000,2.953000,2.916000,2.951000,2.951000,0
2018-04-22,null,null,null,null,null,null
2018-04-23,2.975000,2.990000,2.964000,2.973000,2.973000,0
2018-04-24,2.975000,3.003000,2.975000,2.983000,2.983000,0
2018-04-25,3.032000,3.035000,3.007000,3.024000,3.024000,0
2018-04-26,2.990000,3.003000,2.981000,2.990000,2.990000,0
2018-04-27,2.968000,2.983000,2.955000,2.957000,2.957000,0
2018-04-29,null,null,null,null,null,null
2018-04-30,2.955000,2.959000,2.935000,2.936000,2.936000,0
2018-05-01,2.966000,2.979000,2.963000,2.976000,2.976000,0
2018-05-02,2.987000,2.989000,2.957000,2.964000,2.964000,0
2018-05-03,2.942000,2.953000,2.927000,2.946000,2.946000,0
2018-05-04,2.933000,2.965000,2.911000,2.944000,2.944000,0
2018-05-06,null,null,null,null,null,null
2018-05-07,2.953000,2.959000,2.946000,2.950000,2.950000,0
2018-05-08,2.955000,2.987000,2.955000,2.969000,2.969000,0
2018-05-09,3.002000,3.010000,2.993000,3.004000,3.004000,0
2018-05-10,2.981000,2.982000,2.951000,2.971000,2.971000,0
2018-05-11,2.962000,2.982000,2.955000,2.971000,2.971000,0
2018-05-13,null,null,null,null,null,null
2018-05-14,2.997000,2.997000,2.986000,2.995000,2.995000,0
2018-05-15,3.026000,3.095000,3.023000,3.080000,3.080000,0
2018-05-16,3.061000,3.095000,3.058000,3.095000,3.095000,0
2018-05-17,3.106000,3.115000,3.093000,3.109000,3.109000,0
2018-05-18,3.104000,3.106000,3.065000,3.067000,3.067000,0
2018-05-20,null,null,null,null,null,null
2018-05-21,3.076000,3.078000,3.058000,3.065000,3.065000,0
2018-05-22,3.074000,3.078000,3.058000,3.065000,3.065000,0
2018-05-23,3.008000,3.028000,3.003000,3.003000,3.003000,0
2018-05-24,2.994000,2.995000,2.955000,2.981000,2.981000,0
2018-05-25,2.951000,2.951000,2.922000,2.931000,2.931000,0
2018-05-27,null,null,null,null,null,null
2018-05-29,2.879000,2.891000,2.759000,2.768000,2.768000,0
2018-05-30,2.866000,2.866000,2.821000,2.842000,2.842000,0
2018-05-31,2.866000,2.870000,2.822000,2.822000,2.822000,0
2018-06-01,2.900000,2.924000,2.880000,2.895000,2.895000,0
2018-06-03,null,null,null,null,null,null
2018-06-04,2.911000,2.941000,2.902000,2.937000,2.937000,0
2018-06-05,2.911000,2.931000,2.900000,2.919000,2.919000,0
2018-06-06,2.955000,2.981000,2.948000,2.975000,2.975000,0
2018-06-07,2.990000,2.992000,2.884000,2.933000,2.933000,0
2018-06-08,2.924000,2.942000,2.921000,2.937000,2.937000,0
2018-06-10,null,null,null,null,null,null
2018-06-11,2.963000,2.970000,2.952000,2.957000,2.957000,0
2018-06-12,2.970000,2.981000,2.957000,2.957000,2.957000,0
2018-06-13,2.957000,3.009000,2.950000,2.977000,2.977000,0
2018-06-14,2.939000,2.965000,2.928000,2.946000,2.946000,0
2018-06-15,2.926000,2.930000,2.889000,2.924000,2.924000,0
2018-06-17,null,null,null,null,null,null
2018-06-18,2.902000,2.933000,2.902000,2.926000,2.926000,0
2018-06-19,2.884000,2.895000,2.868000,2.893000,2.893000,0
2018-06-20,2.900000,2.930000,2.884000,2.928000,2.928000,0
2018-06-21,2.926000,2.926000,2.891000,2.897000,2.897000,0
2018-06-22,2.913000,2.928000,2.897000,2.900000,2.900000,0
2018-06-24,null,null,null,null,null,null
2018-06-25,2.882000,2.897000,2.866000,2.875000,2.875000,0
2018-06-26,2.869000,2.891000,2.866000,2.880000,2.880000,0
2018-06-27,2.866000,2.866000,2.826000,2.827000,2.827000,0
2018-06-28,2.826000,2.853000,2.824000,2.847000,2.847000,0
2018-06-29,2.851000,2.853000,2.833000,2.849000,2.849000,0
2018-07-01,null,null,null,null,null,null
2018-07-02,2.829000,2.871000,2.829000,2.866000,2.866000,0
2018-07-03,2.882000,2.882000,2.836000,2.838000,2.838000,0
2018-07-05,2.858000,2.862000,2.820000,2.840000,2.840000,0
2018-07-06,2.829000,2.836000,2.811000,2.831000,2.831000,0
2018-07-08,null,null,null,null,null,null
2018-07-09,2.862000,2.862000,2.849000,2.860000,2.860000,0
2018-07-10,2.867000,2.875000,2.858000,2.873000,2.873000,0
2018-07-11,2.844000,2.866000,2.838000,2.842000,2.842000,0
2018-07-12,2.864000,2.871000,2.845000,2.853000,2.853000,0
2018-07-13,2.844000,2.845000,2.827000,2.831000,2.831000,0
2018-07-15,null,null,null,null,null,null
2018-07-16,2.858000,2.877000,2.855000,2.858000,2.858000,0
2018-07-17,2.851000,2.867000,2.847000,2.864000,2.864000,0
2018-07-18,2.851000,2.875000,2.847000,2.875000,2.875000,0
2018-07-19,2.882000,2.889000,2.834000,2.847000,2.847000,0
2018-07-20,2.855000,2.897000,2.847000,2.895000,2.895000,0
2018-07-22,null,null,null,null,null,null
2018-07-23,2.888000,2.965000,2.888000,2.965000,2.965000,0
2018-07-24,2.958000,2.973000,2.947000,2.949000,2.949000,0
2018-07-25,2.939000,2.949000,2.928000,2.936000,2.936000,0
2018-07-26,2.967000,2.976000,2.947000,2.975000,2.975000,0
2018-07-27,2.978000,2.988000,2.951000,2.960000,2.960000,0
2018-07-29,null,null,null,null,null,null
2018-07-30,2.986000,2.990000,2.964000,2.975000,2.975000,0
2018-07-31,2.954000,2.969000,2.945000,2.964000,2.964000,0
2018-08-01,2.992000,3.016000,2.986000,3.003000,3.003000,0
2018-08-02,2.984000,3.003000,2.980000,2.986000,2.986000,0
2018-08-03,2.979000,2.984000,2.951000,2.953000,2.953000,0
2018-08-05,null,null,null,null,null,null
2018-08-06,2.960000,2.960000,2.925000,2.938000,2.938000,0
2018-08-07,2.954000,2.977000,2.954000,2.973000,2.973000,0
2018-08-08,2.977000,2.986000,2.958000,2.971000,2.971000,0
2018-08-09,2.953000,2.953000,2.929000,2.935000,2.935000,0
2018-08-10,2.890000,2.893000,2.853000,2.857000,2.857000,0
2018-08-12,null,null,null,null,null,null
2018-08-13,2.864000,2.890000,2.862000,2.877000,2.877000,0
2018-08-14,2.893000,2.895000,2.877000,2.895000,2.895000,0
2018-08-15,2.870000,2.875000,2.837000,2.852000,2.852000,0
2018-08-16,2.873000,2.893000,2.859000,2.871000,2.871000,0
2018-08-17,2.859000,2.877000,2.846000,2.873000,2.873000,0
2018-08-19,null,null,null,null,null,null
2018-08-20,2.853000,2.853000,2.821000,2.823000,2.823000,0
2018-08-21,2.844000,2.853000,2.833000,2.844000,2.844000,0
2018-08-22,2.819000,2.835000,2.808000,2.823000,2.823000,0
2018-08-23,2.821000,2.826000,2.814000,2.821000,2.821000,0
2018-08-24,2.832000,2.850000,2.817000,2.826000,2.826000,0
2018-08-26,null,null,null,null,null,null
2018-08-27,2.830000,2.851000,2.828000,2.848000,2.848000,0
2018-08-28,2.853000,2.886000,2.853000,2.884000,2.884000,0
2018-08-29,2.873000,2.899000,2.871000,2.884000,2.884000,0
2018-08-30,2.877000,2.879000,2.859000,2.860000,2.860000,0
2018-08-31,2.842000,2.857000,2.831000,2.853000,2.853000,0
2018-09-02,null,null,null,null,null,null
2018-09-04,2.869000,2.906000,2.868000,2.902000,2.902000,0
2018-09-05,2.888000,2.917000,2.884000,2.902000,2.902000,0
2018-09-06,2.908000,2.910000,2.871000,2.879000,2.879000,0
2018-09-07,2.889000,2.950000,2.886000,2.942000,2.942000,0
2018-09-09,null,null,null,null,null,null
2018-09-10,2.942000,2.948000,2.930000,2.937000,2.937000,0
2018-09-11,2.953000,2.981000,2.948000,2.977000,2.977000,0
2018-09-12,2.966000,2.968000,2.955000,2.963000,2.963000,0
2018-09-13,2.981000,2.983000,2.944000,2.963000,2.963000,0
2018-09-14,2.989000,3.003000,2.981000,2.994000,2.994000,0
2018-09-16,null,null,null,null,null,null
2018-09-17,3.020000,3.020000,2.989000,3.001000,3.001000,0
2018-09-18,3.007000,3.048000,3.005000,3.048000,3.048000,0
2018-09-19,3.044000,3.092000,3.044000,3.083000,3.083000,0
2018-09-20,3.092000,3.096000,3.059000,3.078000,3.078000,0
2018-09-21,3.068000,3.083000,3.061000,3.068000,3.068000,0
2018-09-23,null,null,null,null,null,null
2018-09-24,3.076000,3.091000,3.065000,3.078000,3.078000,0
2018-09-25,3.098000,3.110000,3.093000,3.102000,3.102000,0
2018-09-26,3.085000,3.091000,3.061000,3.061000,3.061000,0
2018-09-27,3.056000,3.074000,3.054000,3.056000,3.056000,0
2018-09-28,3.031000,3.058000,3.030000,3.056000,3.056000,0
2018-09-30,null,null,null,null,null,null
2018-10-01,3.086000,3.086000,3.063000,3.080000,3.080000,0
2018-10-02,3.069000,3.074000,3.046000,3.056000,3.056000,0
2018-10-03,3.086000,3.179000,3.080000,3.161000,3.161000,0
2018-10-04,3.200000,3.210000,3.176000,3.197000,3.197000,0
2018-10-05,3.204000,3.248000,3.189000,3.225000,3.225000,0
2018-10-07,null,null,null,null,null,null
2018-10-08,3.233000,3.233000,3.233000,3.233000,3.233000,0
2018-10-09,3.239000,3.239000,3.203000,3.208000,3.208000,0
2018-10-10,3.227000,3.242000,3.212000,3.225000,3.225000,0
2018-10-11,3.189000,3.191000,3.127000,3.133000,3.133000,0
2018-10-12,3.167000,3.173000,3.131000,3.141000,3.141000,0
2018-10-14,null,null,null,null,null,null
2018-10-15,3.161000,3.165000,3.143000,3.163000,3.163000,0
2018-10-16,3.173000,3.177000,3.154000,3.156000,3.156000,0
2018-10-17,3.158000,3.179000,3.146000,3.179000,3.179000,0
2018-10-18,3.207000,3.215000,3.160000,3.175000,3.175000,0
2018-10-19,3.194000,3.209000,3.181000,3.198000,3.198000,0
2018-10-21,null,null,null,null,null,null
2018-10-22,3.190000,3.198000,3.179000,3.196000,3.196000,0
2018-10-23,3.149000,3.166000,3.111000,3.166000,3.166000,0
2018-10-24,3.145000,3.147000,3.117000,3.124000,3.124000,0
2018-10-25,3.143000,3.145000,3.117000,3.136000,3.136000,0
2018-10-26,3.089000,3.102000,3.059000,3.077000,3.077000,0
2018-10-28,null,null,null,null,null,null
2018-10-29,3.094000,3.117000,3.085000,3.087000,3.087000,0
2018-10-30,3.117000,3.123000,3.094000,3.110000,3.110000,0
2018-10-31,3.149000,3.161000,3.134000,3.159000,3.159000,0
2018-11-01,3.164000,3.174000,3.136000,3.144000,3.144000,0
2018-11-02,3.155000,3.216000,3.155000,3.214000,3.214000,0
2018-11-04,null,null,null,null,null,null
2018-11-05,3.203000,3.205000,3.186000,3.201000,3.201000,0
2018-11-06,3.193000,3.224000,3.191000,3.214000,3.214000,0
2018-11-07,3.200000,3.215000,3.184000,3.213000,3.213000,0
2018-11-08,3.219000,3.239000,3.206000,3.234000,3.234000,0
2018-11-09,3.213000,3.230000,3.180000,3.189000,3.189000,0
2018-11-11,null,null,null,null,null,null
2018-11-12,3.186000,3.186000,3.186000,3.186000,3.186000,0
2018-11-13,3.167000,3.169000,3.143000,3.145000,3.145000,0
2018-11-14,3.147000,3.165000,3.094000,3.120000,3.120000,0
2018-11-15,3.101000,3.129000,3.081000,3.118000,3.118000,0
2018-11-16,3.101000,3.103000,3.068000,3.074000,3.074000,0
2018-11-18,null,null,null,null,null,null
2018-11-19,3.085000,3.096000,3.052000,3.057000,3.057000,0
2018-11-20,3.041000,3.061000,3.036000,3.048000,3.048000,0
2018-11-21,3.077000,3.085000,3.061000,3.061000,3.061000,0
2018-11-23,3.050000,3.054000,3.032000,3.054000,3.054000,0
2018-11-25,null,null,null,null,null,null
2018-11-26,3.063000,3.079000,3.057000,3.072000,3.072000,0
2018-11-27,3.057000,3.074000,3.044000,3.055000,3.055000,0
2018-11-28,3.066000,3.075000,3.043000,3.044000,3.044000,0
2018-11-29,3.013000,3.044000,3.008000,3.035000,3.035000,0
2018-11-30,3.015000,3.022000,3.008000,3.013000,3.013000,0
2018-12-02,null,null,null,null,null,null
2018-12-03,3.041000,3.041000,2.986000,2.992000,2.992000,0
2018-12-04,2.966000,2.970000,2.885000,2.924000,2.924000,0
2018-12-06,2.888000,2.899000,2.826000,2.876000,2.876000,0
2018-12-07,2.895000,2.910000,2.850000,2.850000,2.850000,0
2018-12-09,null,null,null,null,null,null
2018-12-10,2.861000,2.868000,2.825000,2.856000,2.856000,0
2018-12-11,2.877000,2.883000,2.847000,2.879000,2.879000,0
2018-12-12,2.893000,2.917000,2.890000,2.906000,2.906000,0
2018-12-13,2.910000,2.919000,2.893000,2.911000,2.911000,0
2018-12-14,2.886000,2.900000,2.877000,2.891000,2.891000,0
2018-12-16,null,null,null,null,null,null
2018-12-17,2.884000,2.889000,2.855000,2.857000,2.857000,0
2018-12-18,2.832000,2.853000,2.819000,2.825000,2.825000,0
2018-12-19,2.817000,2.861000,2.776000,2.778000,2.778000,0
2018-12-20,2.765000,2.790000,2.749000,2.789000,2.789000,0
2018-12-21,2.790000,2.803000,2.781000,2.792000,2.792000,0
2018-12-23,null,null,null,null,null,null
2018-12-24,2.763000,2.779000,2.749000,2.749000,2.749000,0
2018-12-26,2.751000,2.797000,2.736000,2.797000,2.797000,0
2018-12-27,2.768000,2.768000,2.733000,2.743000,2.743000,0
2018-12-28,2.761000,2.768000,2.727000,2.736000,2.736000,0
2018-12-30,null,null,null,null,null,null
2018-12-31,2.732000,2.745000,2.679000,2.686000,2.686000,0
2019-01-02,2.652000,2.679000,2.649000,2.661000,2.661000,0
2019-01-03,2.654000,2.656000,2.554000,2.554000,2.554000,0
2019-01-04,2.599000,2.673000,2.597000,2.659000,2.659000,0
2019-01-06,null,null,null,null,null,null
2019-01-07,2.634000,2.687000,2.632000,2.682000,2.682000,0
2019-01-08,2.701000,2.717000,2.696000,2.716000,2.716000,0
2019-01-09,2.748000,2.748000,2.712000,2.728000,2.728000,0
2019-01-10,2.706000,2.733000,2.696000,2.731000,2.731000,0
2019-01-11,2.710000,2.713000,2.681000,2.701000,2.701000,0
2019-01-13,null,null,null,null,null,null
2019-01-14,2.672000,2.710000,2.672000,2.710000,2.710000,0
2019-01-15,2.699000,2.722000,2.679000,2.711000,2.711000,0
2019-01-16,2.734000,2.743000,2.717000,2.731000,2.731000,0
2019-01-17,2.711000,2.761000,2.707000,2.749000,2.749000,0
2019-01-18,2.764000,2.799000,2.754000,2.784000,2.784000,0
2019-01-20,null,null,null,null,null,null
2019-01-22,2.755000,2.759000,2.727000,2.730000,2.730000,0
2019-01-23,2.773000,2.779000,2.737000,2.755000,2.755000,0
2019-01-24,2.714000,2.726000,2.701000,2.712000,2.712000,0
2019-01-25,2.741000,2.759000,2.732000,2.753000,2.753000,0
2019-01-27,null,null,null,null,null,null
2019-01-28,2.762000,2.762000,2.728000,2.744000,2.744000,0
2019-01-29,2.739000,2.748000,2.708000,2.712000,2.712000,0
2019-01-30,2.729000,2.735000,2.688000,2.695000,2.695000,0
2019-01-31,2.674000,2.676000,2.626000,2.635000,2.635000,0
2019-02-01,2.631000,2.697000,2.631000,2.691000,2.691000,0
2019-02-03,null,null,null,null,null,null
2019-02-04,2.697000,2.734000,2.695000,2.724000,2.724000,0
2019-02-05,2.729000,2.729000,2.688000,2.702000,2.702000,0
2019-02-06,2.691000,2.704000,2.673000,2.702000,2.702000,0
2019-02-07,2.666000,2.675000,2.652000,2.652000,2.652000,0
2019-02-08,2.639000,2.652000,2.625000,2.632000,2.632000,0
2019-02-10,null,null,null,null,null,null
2019-02-11,2.652000,2.670000,2.648000,2.661000,2.661000,0
2019-02-12,2.682000,2.691000,2.668000,2.684000,2.684000,0
2019-02-13,2.688000,2.715000,2.688000,2.708000,2.708000,0
2019-02-14,2.686000,2.686000,2.643000,2.657000,2.657000,0
2019-02-15,2.668000,2.688000,2.663000,2.666000,2.666000,0
2019-02-17,null,null,null,null,null,null
2019-02-19,2.670000,2.670000,2.636000,2.647000,2.647000,0
2019-02-20,2.634000,2.659000,2.632000,2.654000,2.654000,0
2019-02-21,2.675000,2.697000,2.672000,2.688000,2.688000,0
2019-02-22,2.679000,2.679000,2.638000,2.655000,2.655000,0
2019-02-24,null,null,null,null,null,null
2019-02-25,2.681000,2.684000,2.668000,2.673000,2.673000,0
2019-02-26,2.655000,2.657000,2.632000,2.636000,2.636000,0
2019-02-27,2.632000,2.697000,2.632000,2.693000,2.693000,0
2019-02-28,2.670000,2.724000,2.668000,2.711000,2.711000,0
2019-03-01,2.737000,2.759000,2.728000,2.755000,2.755000,0
2019-03-03,null,null,null,null,null,null
2019-03-04,2.750000,2.753000,2.721000,2.722000,2.722000,0
2019-03-05,2.742000,2.750000,2.722000,2.722000,2.722000,0
2019-03-06,2.711000,2.719000,2.679000,2.692000,2.692000,0
2019-03-07,2.679000,2.681000,2.636000,2.636000,2.636000,0
2019-03-08,2.634000,2.652000,2.607000,2.625000,2.625000,0
2019-03-10,null,null,null,null,null,null
2019-03-11,2.645000,2.652000,2.632000,2.643000,2.643000,0
2019-03-12,2.654000,2.656000,2.600000,2.605000,2.605000,0
2019-03-13,2.621000,2.629000,2.611000,2.611000,2.611000,0
2019-03-14,2.627000,2.645000,2.611000,2.630000,2.630000,0
2019-03-15,2.623000,2.623000,2.580000,2.593000,2.593000,0
2019-03-17,null,null,null,null,null,null
2019-03-18,2.603000,2.611000,2.589000,2.602000,2.602000,0
2019-03-19,2.611000,2.634000,2.600000,2.614000,2.614000,0
2019-03-20,2.600000,2.600000,2.528000,2.535000,2.535000,0
2019-03-21,2.500000,2.544000,2.500000,2.537000,2.537000,0
2019-03-22,2.471000,2.482000,2.418000,2.455000,2.455000,0
2019-03-24,null,null,null,null,null,null
2019-03-25,2.460000,2.464000,2.377000,2.420000,2.420000,0
2019-03-26,2.448000,2.448000,2.407000,2.414000,2.414000,0
2019-03-27,2.379000,2.405000,2.356000,2.374000,2.374000,0
2019-03-28,2.375000,2.405000,2.366000,2.389000,2.389000,0
2019-03-29,2.421000,2.433000,2.403000,2.414000,2.414000,0
2019-03-31,null,null,null,null,null,null
2019-04-01,2.442000,2.499000,2.424000,2.497000,2.497000,0
2019-04-02,2.474000,2.492000,2.469000,2.481000,2.481000,0
2019-04-03,2.515000,2.524000,2.503000,2.517000,2.517000,0
2019-04-04,2.508000,2.522000,2.503000,2.512000,2.512000,0
2019-04-05,2.537000,2.544000,2.494000,2.501000,2.501000,0
2019-04-07,null,null,null,null,null,null
2019-04-08,2.504000,2.519000,2.501000,2.519000,2.519000,0
2019-04-09,2.517000,2.517000,2.485000,2.499000,2.499000,0
2019-04-10,2.502000,2.510000,2.463000,2.477000,2.477000,0
2019-04-11,2.485000,2.510000,2.485000,2.504000,2.504000,0
2019-04-12,2.542000,2.562000,2.540000,2.560000,2.560000,0
2019-04-14,null,null,null,null,null,null
2019-04-15,2.567000,2.574000,2.549000,2.553000,2.553000,0
2019-04-16,2.574000,2.596000,2.571000,2.592000,2.592000,0
2019-04-17,2.599000,2.614000,2.581000,2.592000,2.592000,0
2019-04-18,2.563000,2.583000,2.549000,2.560000,2.560000,0
2019-04-21,null,null,null,null,null,null
2019-04-22,2.565000,2.592000,2.565000,2.590000,2.590000,0
2019-04-23,2.592000,2.592000,2.563000,2.570000,2.570000,0
2019-04-24,2.536000,2.538000,2.518000,2.522000,2.522000,0
2019-04-25,2.524000,2.542000,2.516000,2.534000,2.534000,0
2019-04-26,2.527000,2.545000,2.495000,2.505000,2.505000,0
2019-04-28,null,null,null,null,null,null
2019-04-29,2.505000,2.541000,2.504000,2.536000,2.536000,0
2019-04-30,2.532000,2.550000,2.504000,2.509000,2.509000,0
2019-05-01,2.504000,2.511000,2.455000,2.511000,2.511000,0
2019-05-02,2.511000,2.558000,2.509000,2.552000,2.552000,0
2019-05-03,2.563000,2.576000,2.516000,2.531000,2.531000,0
2019-05-05,null,null,null,null,null,null
2019-05-06,2.491000,2.502000,2.480000,2.500000,2.500000,0
2019-05-07,2.478000,2.482000,2.446000,2.448000,2.448000,0
2019-05-08,2.439000,2.487000,2.430000,2.482000,2.482000,0
2019-05-09,2.444000,2.471000,2.425000,2.457000,2.457000,0
2019-05-10,2.446000,2.460000,2.426000,2.455000,2.455000,0
2019-05-12,null,null,null,null,null,null
2019-05-13,2.423000,2.426000,2.389000,2.405000,2.405000,0
2019-05-14,2.414000,2.428000,2.402000,2.419000,2.419000,0
2019-05-15,2.370000,2.391000,2.361000,2.379000,2.379000,0
2019-05-16,2.382000,2.414000,2.380000,2.405000,2.405000,0
2019-05-17,2.370000,2.409000,2.364000,2.393000,2.393000,0
2019-05-19,null,null,null,null,null,null
2019-05-20,2.386000,2.418000,2.380000,2.416000,2.416000,0
2019-05-21,2.428000,2.441000,2.419000,2.426000,2.426000,0
2019-05-22,2.412000,2.414000,2.386000,2.393000,2.393000,0
2019-05-23,2.361000,2.364000,2.294000,2.296000,2.296000,0
2019-05-24,2.315000,2.334000,2.308000,2.324000,2.324000,0
2019-05-26,null,null,null,null,null,null
2019-05-28,2.299000,2.299000,2.264000,2.268000,2.268000,0
2019-05-29,2.231000,2.247000,2.210000,2.236000,2.236000,0
2019-05-30,2.261000,2.276000,2.226000,2.227000,2.227000,0
2019-05-31,2.161000,2.184000,2.137000,2.142000,2.142000,0
2019-06-02,null,null,null,null,null,null
2019-06-03,2.112000,2.130000,2.081000,2.081000,2.081000,0
2019-06-04,2.126000,2.147000,2.102000,2.119000,2.119000,0
2019-06-05,2.097000,2.130000,2.080000,2.123000,2.123000,0
2019-06-06,2.105000,2.135000,2.092000,2.124000,2.124000,0
2019-06-07,2.105000,2.105000,2.053000,2.084000,2.084000,0
2019-06-09,null,null,null,null,null,null
2019-06-10,2.135000,2.147000,2.115000,2.143000,2.143000,0
2019-06-11,2.171000,2.174000,2.138000,2.140000,2.140000,0
2019-06-12,2.122000,2.143000,2.110000,2.127000,2.127000,0
2019-06-13,2.112000,2.120000,2.082000,2.091000,2.091000,0
2019-06-14,2.075000,2.110000,2.075000,2.093000,2.093000,0
2019-06-16,null,null,null,null,null,null
2019-06-17,2.094000,2.103000,2.079000,2.086000,2.086000,0
2019-06-18,2.035000,2.075000,2.029000,2.060000,2.060000,0
2019-06-19,2.084000,2.099000,2.022000,2.029000,2.029000,0
2019-06-20,1.994000,2.015000,1.975000,2.001000,2.001000,0
2019-06-21,2.026000,2.070000,2.018000,2.068000,2.068000,0
2019-06-23,null,null,null,null,null,null
2019-06-24,2.032000,2.042000,2.014000,2.021000,2.021000,0
2019-06-25,2.012000,2.014000,1.982000,1.994000,1.994000,0
2019-06-26,2.016000,2.049000,2.006000,2.049000,2.049000,0
2019-06-27,2.040000,2.045000,2.004000,2.005000,2.005000,0
2019-06-28,2.012000,2.033000,1.998000,2.000000,2.000000,0
2019-06-30,null,null,null,null,null,null
2019-07-01,2.026000,2.048000,2.005000,2.034000,2.034000,0
2019-07-02,2.024000,2.024000,1.974000,1.976000,1.976000,0
2019-07-03,1.955000,1.969000,1.943000,1.953000,1.953000,0
2019-07-05,1.970000,2.068000,1.965000,2.048000,2.048000,0
2019-07-07,null,null,null,null,null,null
2019-07-08,2.030000,2.036000,2.013000,2.034000,2.034000,0
2019-07-09,2.060000,2.068000,2.046000,2.054000,2.054000,0
2019-07-10,2.101000,2.105000,2.041000,2.061000,2.061000,0
2019-07-11,2.068000,2.134000,2.058000,2.120000,2.120000,0
2019-07-12,2.122000,2.148000,2.105000,2.106000,2.106000,0
2019-07-14,null,null,null,null,null,null
2019-07-15,2.113000,2.115000,2.090000,2.092000,2.092000,0
2019-07-16,2.099000,2.143000,2.096000,2.122000,2.122000,0
2019-07-17,2.092000,2.097000,2.057000,2.061000,2.061000,0
2019-07-18,2.059000,2.078000,2.035000,2.038000,2.038000,0
2019-07-19,2.047000,2.064000,2.038000,2.048000,2.048000,0
2019-07-21,null,null,null,null,null,null
2019-07-22,2.050000,2.050000,2.027000,2.043000,2.043000,0
2019-07-23,2.048000,2.076000,2.043000,2.074000,2.074000,0
2019-07-24,2.052000,2.060000,2.038000,2.050000,2.050000,0
2019-07-25,2.017000,2.100000,2.012000,2.074000,2.074000,0
2019-07-26,2.069000,2.100000,2.063000,2.081000,2.081000,0
2019-07-28,null,null,null,null,null,null
2019-07-29,2.058000,2.067000,2.048000,2.055000,2.055000,0
2019-07-30,2.055000,2.075000,2.041000,2.061000,2.061000,0
2019-07-31,2.051000,2.072000,2.009000,2.021000,2.021000,0
2019-08-01,2.028000,2.028000,1.878000,1.894000,1.894000,0
2019-08-02,1.866000,1.907000,1.842000,1.855000,1.855000,0
2019-08-04,null,null,null,null,null,null
2019-08-05,1.762000,1.787000,1.729000,1.735000,1.735000,0
2019-08-06,1.753000,1.772000,1.731000,1.739000,1.739000,0
2019-08-07,1.630000,1.685000,1.595000,1.684000,1.684000,0
2019-08-08,1.719000,1.793000,1.705000,1.716000,1.716000,0
2019-08-09,1.716000,1.734000,1.680000,1.734000,1.734000,0
2019-08-11,null,null,null,null,null,null
2019-08-12,1.690000,1.697000,1.628000,1.639000,1.639000,0
2019-08-13,1.645000,1.717000,1.635000,1.680000,1.680000,0
2019-08-14,1.601000,1.618000,1.581000,1.581000,1.581000,0
2019-08-15,1.557000,1.594000,1.475000,1.529000,1.529000,0
2019-08-16,1.537000,1.593000,1.532000,1.539000,1.539000,0
2019-08-18,null,null,null,null,null,null
2019-08-19,1.596000,1.618000,1.584000,1.598000,1.598000,0
2019-08-20,1.579000,1.579000,1.540000,1.561000,1.561000,0
2019-08-21,1.586000,1.593000,1.547000,1.577000,1.577000,0
2019-08-22,1.622000,1.623000,1.572000,1.610000,1.610000,0
2019-08-23,1.611000,1.622000,1.506000,1.528000,1.528000,0
2019-08-25,null,null,null,null,null,null
2019-08-26,1.517000,1.549000,1.508000,1.545000,1.545000,0
2019-08-27,1.513000,1.522000,1.471000,1.490000,1.490000,0
2019-08-28,1.458000,1.481000,1.446000,1.466000,1.466000,0
2019-08-29,1.496000,1.535000,1.478000,1.516000,1.516000,0
2019-08-30,1.525000,1.532000,1.501000,1.506000,1.506000,0
2019-09-01,null,null,null,null,null,null
2019-09-03,1.483000,1.511000,1.429000,1.466000,1.466000,0
2019-09-04,1.493000,1.499000,1.451000,1.459000,1.459000,0
2019-09-05,1.520000,1.591000,1.518000,1.565000,1.565000,0
2019-09-06,1.605000,1.606000,1.540000,1.550000,1.550000,0
2019-09-08,null,null,null,null,null,null
2019-09-09,1.596000,1.635000,1.587000,1.622000,1.622000,0
2019-09-10,1.647000,1.704000,1.635000,1.702000,1.702000,0
2019-09-11,1.730000,1.752000,1.720000,1.733000,1.733000,0
2019-09-12,1.701000,1.801000,1.668000,1.791000,1.791000,0
2019-09-13,1.794000,1.903000,1.793000,1.903000,1.903000,0
2019-09-15,null,null,null,null,null,null
2019-09-16,1.834000,1.875000,1.829000,1.841000,1.841000,0
2019-09-17,1.815000,1.849000,1.794000,1.812000,1.812000,0
2019-09-18,1.775000,1.805000,1.744000,1.786000,1.786000,0
2019-09-19,1.758000,1.789000,1.749000,1.774000,1.774000,0
2019-09-20,1.793000,1.795000,1.749000,1.755000,1.755000,0
2019-09-22,null,null,null,null,null,null
2019-09-23,1.697000,1.709000,1.665000,1.708000,1.708000,0
2019-09-24,1.704000,1.708000,1.635000,1.635000,1.635000,0
2019-09-25,1.654000,1.735000,1.642000,1.732000,1.732000,0
2019-09-26,1.718000,1.718000,1.675000,1.685000,1.685000,0
2019-09-27,1.722000,1.722000,1.673000,1.675000,1.675000,0
2019-09-29,null,null,null,null,null,null
2019-09-30,1.699000,1.713000,1.672000,1.675000,1.675000,0
2019-10-01,1.727000,1.755000,1.613000,1.644000,1.644000,0
2019-10-02,1.634000,1.644000,1.580000,1.596000,1.596000,0
2019-10-03,1.584000,1.596000,1.510000,1.536000,1.536000,0
2019-10-04,1.538000,1.555000,1.510000,1.515000,1.515000,0
2019-10-06,null,null,null,null,null,null
2019-10-07,1.539000,1.560000,1.529000,1.553000,1.553000,0
2019-10-08,1.520000,1.556000,1.510000,1.537000,1.537000,0
2019-10-09,1.558000,1.594000,1.546000,1.589000,1.589000,0
2019-10-10,1.584000,1.672000,1.575000,1.658000,1.658000,0
2019-10-11,1.708000,1.764000,1.696000,1.752000,1.752000,0
2019-10-13,null,null,null,null,null,null
2019-10-14,1.733000,1.733000,1.733000,1.733000,1.733000,0
2019-10-15,1.691000,1.776000,1.689000,1.771000,1.771000,0
2019-10-16,1.740000,1.769000,1.729000,1.748000,1.748000,0
2019-10-17,1.757000,1.773000,1.731000,1.757000,1.757000,0
2019-10-18,1.768000,1.769000,1.729000,1.747000,1.747000,0
2019-10-20,null,null,null,null,null,null
2019-10-21,1.778000,1.805000,1.771000,1.792000,1.792000,0
2019-10-22,1.775000,1.803000,1.764000,1.768000,1.768000,0
2019-10-23,1.731000,1.763000,1.731000,1.759000,1.759000,0
2019-10-24,1.750000,1.775000,1.738000,1.766000,1.766000,0
2019-10-25,1.766000,1.814000,1.750000,1.801000,1.801000,0
2019-10-27,null,null,null,null,null,null
2019-10-28,1.833000,1.860000,1.830000,1.853000,1.853000,0
2019-10-29,1.839000,1.849000,1.826000,1.835000,1.835000,0
2019-10-30,1.826000,1.851000,1.794000,1.798000,1.798000,0
2019-10-31,1.708000,1.714000,1.681000,1.691000,1.691000,0
2019-11-01,1.677000,1.745000,1.670000,1.728000,1.728000,0
2019-11-03,null,null,null,null,null,null
2019-11-04,1.747000,1.793000,1.747000,1.786000,1.786000,0
2019-11-05,1.825000,1.873000,1.825000,1.866000,1.866000,0
2019-11-06,1.837000,1.848000,1.807000,1.814000,1.814000,0
2019-11-07,1.881000,1.971000,1.874000,1.926000,1.926000,0
2019-11-08,1.950000,1.952000,1.895000,1.933000,1.933000,0
2019-11-10,null,null,null,null,null,null
2019-11-11,1.943000,1.943000,1.943000,1.943000,1.943000,0
2019-11-12,1.940000,1.949000,1.907000,1.909000,1.909000,0
2019-11-13,1.888000,1.891000,1.865000,1.870000,1.870000,0
2019-11-14,1.850000,1.851000,1.805000,1.815000,1.815000,0
2019-11-15,1.841000,1.845000,1.819000,1.834000,1.834000,0
2019-11-17,null,null,null,null,null,null
2019-11-18,1.845000,1.845000,1.795000,1.808000,1.808000,0
2019-11-19,1.817000,1.817000,1.777000,1.786000,1.786000,0
2019-11-20,1.747000,1.764000,1.730000,1.738000,1.738000,0
2019-11-21,1.760000,1.786000,1.753000,1.772000,1.772000,0
2019-11-22,1.750000,1.779000,1.747000,1.774000,1.774000,0
2019-11-24,null,null,null,null,null,null
2019-11-25,1.790000,1.793000,1.755000,1.764000,1.764000,0
2019-11-26,1.745000,1.747000,1.731000,1.740000,1.740000,0
2019-11-27,1.750000,1.778000,1.750000,1.767000,1.767000,0
2019-11-29,1.772000,1.796000,1.764000,1.776000,1.776000,0
2019-12-01,null,null,null,null,null,null
2019-12-02,1.833000,1.854000,1.821000,1.836000,1.836000,0
2019-12-03,1.788000,1.788000,1.693000,1.709000,1.709000,0
2019-12-04,1.733000,1.791000,1.733000,1.781000,1.781000,0
2019-12-05,1.772000,1.822000,1.772000,1.797000,1.797000,0
2019-12-06,1.795000,1.864000,1.790000,1.842000,1.842000,0
2019-12-08,null,null,null,null,null,null
2019-12-09,1.828000,1.833000,1.807000,1.829000,1.829000,0
2019-12-10,1.810000,1.849000,1.805000,1.833000,1.833000,0
2019-12-11,1.830000,1.836000,1.783000,1.790000,1.790000,0
2019-12-12,1.793000,1.924000,1.778000,1.897000,1.897000,0
2019-12-13,1.878000,1.906000,1.816000,1.819000,1.819000,0
2019-12-15,null,null,null,null,null,null
2019-12-16,1.849000,1.894000,1.845000,1.892000,1.892000,0
2019-12-17,1.861000,1.894000,1.856000,1.889000,1.889000,0
2019-12-18,1.891000,1.934000,1.884000,1.924000,1.924000,0
2019-12-19,1.947000,1.947000,1.898000,1.908000,1.908000,0
2019-12-20,1.935000,1.940000,1.915000,1.917000,1.917000,0
2019-12-22,null,null,null,null,null,null
2019-12-23,1.912000,1.940000,1.898000,1.935000,1.935000,0
2019-12-24,1.935000,1.949000,1.901000,1.910000,1.910000,0
2019-12-26,1.912000,1.921000,1.896000,1.905000,1.905000,0
2019-12-27,1.893000,1.893000,1.870000,1.874000,1.874000,0
2019-12-29,null,null,null,null,null,null
2019-12-30,1.923000,1.940000,1.895000,1.895000,1.895000,0
2019-12-31,1.898000,1.930000,1.895000,1.919000,1.919000,0
2020-01-02,1.903000,1.903000,1.851000,1.882000,1.882000,0
2020-01-03,1.828000,1.840000,1.786000,1.788000,1.788000,0
2020-01-05,null,null,null,null,null,null
2020-01-06,1.785000,1.816000,1.766000,1.811000,1.811000,0
2020-01-07,1.797000,1.828000,1.797000,1.827000,1.827000,0
2020-01-08,1.823000,1.876000,1.802000,1.874000,1.874000,0
2020-01-09,1.869000,1.900000,1.851000,1.858000,1.858000,0
2020-01-10,1.853000,1.863000,1.816000,1.825000,1.825000,0
2020-01-12,null,null,null,null,null,null
2020-01-13,1.834000,1.858000,1.834000,1.848000,1.848000,0
2020-01-14,1.842000,1.853000,1.813000,1.818000,1.818000,0
2020-01-15,1.795000,1.802000,1.780000,1.788000,1.788000,0
2020-01-16,1.781000,1.820000,1.780000,1.809000,1.809000,0
2020-01-17,1.818000,1.850000,1.816000,1.836000,1.836000,0
2020-01-19,null,null,null,null,null,null
2020-01-21,1.797000,1.797000,1.766000,1.769000,1.769000,0
2020-01-22,1.785000,1.785000,1.759000,1.769000,1.769000,0
2020-01-23,1.740000,1.752000,1.715000,1.740000,1.740000,0
2020-01-24,1.734000,1.739000,1.670000,1.681000,1.681000,0
2020-01-26,null,null,null,null,null,null
2020-01-27,1.612000,1.627000,1.605000,1.605000,1.605000,0
2020-01-28,1.624000,1.655000,1.613000,1.641000,1.641000,0
2020-01-29,1.637000,1.637000,1.589000,1.594000,1.594000,0
2020-01-30,1.570000,1.587000,1.534000,1.558000,1.558000,0
2020-01-31,1.550000,1.556000,1.512000,1.520000,1.520000,0
2020-02-02,null,null,null,null,null,null
2020-02-03,1.555000,1.575000,1.515000,1.520000,1.520000,0
2020-02-04,1.577000,1.618000,1.575000,1.603000,1.603000,0
2020-02-05,1.653000,1.656000,1.628000,1.649000,1.649000,0
2020-02-06,1.637000,1.668000,1.637000,1.644000,1.644000,0
2020-02-07,1.616000,1.635000,1.571000,1.578000,1.578000,0
2020-02-09,null,null,null,null,null,null
2020-02-10,1.570000,1.575000,1.544000,1.547000,1.547000,0
2020-02-11,1.595000,1.601000,1.573000,1.590000,1.590000,0
2020-02-12,1.625000,1.639000,1.618000,1.630000,1.630000,0
2020-02-13,1.602000,1.626000,1.600000,1.617000,1.617000,0
2020-02-14,1.599000,1.605000,1.573000,1.588000,1.588000,0
2020-02-16,null,null,null,null,null,null
2020-02-18,1.544000,1.576000,1.541000,1.556000,1.556000,0
2020-02-19,1.563000,1.587000,1.556000,1.570000,1.570000,0
2020-02-20,1.537000,1.548000,1.507000,1.525000,1.525000,0
2020-02-21,1.485000,1.492000,1.439000,1.471000,1.471000,0
2020-02-23,null,null,null,null,null,null
2020-02-24,1.396000,1.402000,1.352000,1.377000,1.377000,0
2020-02-25,1.374000,1.377000,1.307000,1.330000,1.330000,0
2020-02-26,1.369000,1.381000,1.302000,1.310000,1.310000,0
2020-02-27,1.272000,1.327000,1.243000,1.299000,1.299000,0
2020-02-28,1.211000,1.223000,1.127000,1.127000,1.127000,0
2020-03-01,null,null,null,null,null,null
2020-03-02,1.067000,1.103000,1.059000,1.088000,1.088000,0
2020-03-03,1.130000,1.163000,0.908000,1.010000,1.010000,0
2020-03-04,0.992000,1.015000,0.951000,0.992000,0.992000,0
2020-03-05,0.952000,0.957000,0.899000,0.926000,0.926000,0
2020-03-06,0.714000,0.789000,0.660000,0.706000,0.706000,0
2020-03-08,null,null,null,null,null,null
2020-03-09,0.484000,0.601000,0.398000,0.499000,0.499000,0
2020-03-10,0.654000,0.756000,0.565000,0.748000,0.748000,0
2020-03-11,0.707000,0.862000,0.675000,0.820000,0.820000,0
2020-03-12,0.675000,0.849000,0.638000,0.849000,0.849000,0
2020-03-13,0.944000,0.986000,0.837000,0.951000,0.951000,0
2020-03-15,null,null,null,null,null,null
2020-03-16,0.778000,0.859000,0.703000,0.728000,0.728000,0
2020-03-17,0.794000,0.997000,0.743000,0.997000,0.997000,0
2020-03-18,1.082000,1.266000,0.999000,1.266000,1.266000,0
2020-03-19,1.137000,1.225000,1.007000,1.119000,1.119000,0
2020-03-20,1.016000,1.031000,0.916000,0.938000,0.938000,0
2020-03-22,null,null,null,null,null,null
2020-03-23,0.715000,0.879000,0.715000,0.764000,0.764000,0
2020-03-24,0.823000,0.896000,0.810000,0.816000,0.816000,0
2020-03-25,0.845000,0.861000,0.783000,0.858000,0.858000,0
2020-03-26,0.787000,0.827000,0.770000,0.811000,0.811000,0
2020-03-27,0.776000,0.782000,0.731000,0.749000,0.749000,0
2020-03-29,null,null,null,null,null,null
2020-03-30,0.657000,0.681000,0.599000,0.670000,0.670000,0
2020-03-31,0.701000,0.720000,0.651000,0.698000,0.698000,0
2020-04-01,0.610000,0.643000,0.579000,0.635000,0.635000,0
2020-04-02,0.592000,0.635000,0.578000,0.627000,0.627000,0
2020-04-03,0.589000,0.607000,0.568000,0.587000,0.587000,0
2020-04-05,null,null,null,null,null,null
2020-04-06,0.645000,0.676000,0.642000,0.676000,0.676000,0
2020-04-07,0.734000,0.784000,0.725000,0.736000,0.736000,0
2020-04-08,0.763000,0.768000,0.729000,0.764000,0.764000,0
2020-04-09,0.727000,0.773000,0.713000,0.729000,0.729000,0
2020-04-12,null,null,null,null,null,null
2020-04-13,0.741000,0.759000,0.722000,0.749000,0.749000,0
2020-04-14,0.747000,0.757000,0.730000,0.752000,0.752000,0
2020-04-15,0.687000,0.688000,0.627000,0.638000,0.638000,0
2020-04-16,0.614000,0.624000,0.594000,0.609000,0.609000,0
2020-04-17,0.643000,0.658000,0.587000,0.654000,0.654000,0
2020-04-19,null,null,null,null,null,null
2020-04-20,0.624000,0.643000,0.612000,0.626000,0.626000,0
2020-04-21,0.550000,0.578000,0.543000,0.571000,0.571000,0
2020-04-22,0.583000,0.636000,0.581000,0.619000,0.619000,0
2020-04-23,0.622000,0.630000,0.594000,0.613000,0.613000,0
2020-04-24,0.602000,0.621000,0.591000,0.596000,0.596000,0
2020-04-26,null,null,null,null,null,null
2020-04-27,0.621000,0.662000,0.621000,0.656000,0.656000,0
2020-04-28,0.651000,0.652000,0.594000,0.610000,0.610000,0
2020-04-29,0.594000,0.641000,0.584000,0.627000,0.627000,0
2020-04-30,0.611000,0.625000,0.581000,0.622000,0.622000,0
2020-05-01,0.613000,0.648000,0.609000,0.642000,0.642000,0
2020-05-03,null,null,null,null,null,null
2020-05-04,0.616000,0.651000,0.615000,0.637000,0.637000,0
2020-05-05,0.659000,0.673000,0.643000,0.657000,0.657000,0
2020-05-06,0.682000,0.743000,0.681000,0.711000,0.711000,0
2020-05-07,0.695000,0.701000,0.622000,0.631000,0.631000,0
2020-05-08,0.631000,0.683000,0.623000,0.682000,0.682000,0
2020-05-10,null,null,null,null,null,null
2020-05-11,0.683000,0.726000,0.672000,0.726000,0.726000,0
2020-05-12,0.711000,0.724000,0.668000,0.678000,0.678000,0
2020-05-13,0.664000,0.672000,0.635000,0.649000,0.649000,0
2020-05-14,0.617000,0.628000,0.604000,0.619000,0.619000,0
2020-05-15,0.604000,0.649000,0.590000,0.640000,0.640000,0
2020-05-17,null,null,null,null,null,null
2020-05-18,0.666000,0.744000,0.661000,0.744000,0.744000,0
2020-05-19,0.729000,0.745000,0.705000,0.711000,0.711000,0
2020-05-20,0.703000,0.721000,0.670000,0.680000,0.680000,0
2020-05-21,0.680000,0.682000,0.654000,0.677000,0.677000,0
2020-05-22,0.657000,0.672000,0.648000,0.657000,0.657000,0
2020-05-24,null,null,null,null,null,null
2020-05-26,0.697000,0.708000,0.690000,0.698000,0.698000,0
2020-05-27,0.723000,0.723000,0.661000,0.680000,0.680000,0
2020-05-28,0.687000,0.713000,0.685000,0.705000,0.705000,0
2020-05-29,0.664000,0.685000,0.648000,0.648000,0.648000,0
2020-05-31,null,null,null,null,null,null
2020-06-01,0.667000,0.687000,0.662000,0.662000,0.662000,0
2020-06-02,0.685000,0.687000,0.661000,0.680000,0.680000,0
2020-06-03,0.708000,0.771000,0.705000,0.761000,0.761000,0
2020-06-04,0.754000,0.823000,0.744000,0.820000,0.820000,0
2020-06-05,0.867000,0.957000,0.862000,0.904000,0.904000,0
2020-06-07,null,null,null,null,null,null
2020-06-08,0.910000,0.915000,0.862000,0.884000,0.884000,0
2020-06-09,0.837000,0.840000,0.802000,0.829000,0.829000,0
2020-06-10,0.807000,0.812000,0.743000,0.748000,0.748000,0
2020-06-11,0.697000,0.700000,0.651000,0.653000,0.653000,0
2020-06-12,0.702000,0.713000,0.674000,0.699000,0.699000,0
2020-06-14,null,null,null,null,null,null
2020-06-15,0.669000,0.715000,0.661000,0.702000,0.702000,0
2020-06-16,0.761000,0.784000,0.723000,0.756000,0.756000,0
2020-06-17,0.756000,0.763000,0.728000,0.733000,0.733000,0
2020-06-18,0.704000,0.708000,0.694000,0.694000,0.694000,0
2020-06-19,0.733000,0.745000,0.687000,0.697000,0.697000,0
2020-06-21,null,null,null,null,null,null
2020-06-22,0.695000,0.709000,0.674000,0.704000,0.704000,0
2020-06-23,0.725000,0.730000,0.707000,0.709000,0.709000,0
2020-06-24,0.730000,0.730000,0.679000,0.684000,0.684000,0
2020-06-25,0.664000,0.677000,0.658000,0.674000,0.674000,0
2020-06-26,0.669000,0.671000,0.632000,0.636000,0.636000,0
2020-06-28,null,null,null,null,null,null
2020-06-29,0.651000,0.654000,0.632000,0.636000,0.636000,0
2020-06-30,0.625000,0.666000,0.619000,0.653000,0.653000,0
2020-07-01,0.681000,0.702000,0.668000,0.682000,0.682000,0
2020-07-02,0.679000,0.724000,0.664000,0.669000,0.669000,0
2020-07-05,null,null,null,null,null,null
2020-07-06,0.696000,0.712000,0.684000,0.684000,0.684000,0
2020-07-07,0.674000,0.681000,0.640000,0.650000,0.650000,0
2020-07-08,0.655000,0.674000,0.645000,0.653000,0.653000,0
2020-07-09,0.655000,0.655000,0.599000,0.605000,0.605000,0
2020-07-10,0.584000,0.637000,0.573000,0.633000,0.633000,0
2020-07-12,null,null,null,null,null,null
2020-07-13,0.648000,0.663000,0.635000,0.640000,0.640000,0
2020-07-14,0.627000,0.632000,0.600000,0.615000,0.615000,0
2020-07-15,0.650000,0.658000,0.618000,0.630000,0.630000,0
2020-07-16,0.618000,0.620000,0.600000,0.612000,0.612000,0
2020-07-17,0.604000,0.632000,0.600000,0.628000,0.628000,0
2020-07-19,null,null,null,null,null,null
2020-07-20,0.607000,0.625000,0.602000,0.620000,0.620000,0
2020-07-21,0.617000,0.622000,0.594000,0.607000,0.607000,0
2020-07-22,0.591000,0.599000,0.582000,0.595000,0.595000,0
2020-07-23,0.584000,0.592000,0.574000,0.582000,0.582000,0
2020-07-24,0.586000,0.597000,0.577000,0.589000,0.589000,0
2020-07-26,null,null,null,null,null,null
2020-07-27,0.579000,0.610000,0.574000,0.609000,0.609000,0
2020-07-28,0.605000,0.607000,0.577000,0.581000,0.581000,0
2020-07-29,0.584000,0.595000,0.571000,0.579000,0.579000,0
2020-07-30,0.561000,0.561000,0.538000,0.541000,0.541000,0
2020-07-31,0.530000,0.564000,0.528000,0.536000,0.536000,0
2020-08-02,null,null,null,null,null,null
2020-08-03,0.559000,0.572000,0.553000,0.563000,0.563000,0
2020-08-04,0.538000,0.538000,0.510000,0.515000,0.515000,0
2020-08-05,0.530000,0.553000,0.528000,0.543000,0.543000,0
2020-08-06,0.522000,0.543000,0.504000,0.536000,0.536000,0
2020-08-07,0.531000,0.569000,0.525000,0.562000,0.562000,0
2020-08-09,null,null,null,null,null,null
2020-08-10,0.554000,0.576000,0.546000,0.574000,0.574000,0
2020-08-11,0.610000,0.661000,0.610000,0.658000,0.658000,0
2020-08-12,0.675000,0.690000,0.655000,0.670000,0.670000,0
2020-08-13,0.682000,0.727000,0.675000,0.716000,0.716000,0
2020-08-14,0.708000,0.713000,0.691000,0.709000,0.709000,0
2020-08-16,null,null,null,null,null,null
2020-08-17,0.687000,0.693000,0.667000,0.683000,0.683000,0
2020-08-18,0.679000,0.688000,0.657000,0.669000,0.669000,0
2020-08-19,0.656000,0.688000,0.648000,0.675000,0.675000,0
2020-08-20,0.648000,0.653000,0.638000,0.644000,0.644000,0
2020-08-21,0.632000,0.656000,0.623000,0.640000,0.640000,0
2020-08-23,null,null,null,null,null,null
2020-08-24,0.633000,0.651000,0.622000,0.646000,0.646000,0
2020-08-25,0.685000,0.716000,0.679000,0.682000,0.682000,0
2020-08-26,0.716000,0.721000,0.685000,0.687000,0.687000,0
2020-08-27,0.675000,0.746000,0.649000,0.746000,0.746000,0
2020-08-28,0.739000,0.746000,0.713000,0.729000,0.729000,0
2020-08-30,null,null,null,null,null,null
2020-08-31,0.733000,0.739000,0.692000,0.693000,0.693000,0
2020-09-01,0.720000,0.729000,0.671000,0.672000,0.672000,0
2020-09-02,0.677000,0.687000,0.643000,0.651000,0.651000,0
2020-09-03,0.651000,0.658000,0.606000,0.622000,0.622000,0
2020-09-04,0.649000,0.721000,0.643000,0.721000,0.721000,0
2020-09-06,null,null,null,null,null,null
2020-09-08,0.679000,0.685000,0.664000,0.684000,0.684000,0
2020-09-09,0.690000,0.710000,0.674000,0.703000,0.703000,0
2020-09-10,0.705000,0.723000,0.679000,0.685000,0.685000,0
2020-09-11,0.692000,0.697000,0.664000,0.669000,0.669000,0
2020-09-13,null,null,null,null,null,null
2020-09-14,0.676000,0.676000,0.653000,0.671000,0.671000,0
2020-09-15,0.685000,0.689000,0.674000,0.679000,0.679000,0
2020-09-16,0.669000,0.702000,0.656000,0.687000,0.687000,0
2020-09-17,0.663000,0.689000,0.646000,0.684000,0.684000,0
2020-09-18,0.669000,0.697000,0.669000,0.694000,0.694000,0
2020-09-20,null,null,null,null,null,null
2020-09-21,0.661000,0.671000,0.648000,0.671000,0.671000,0
2020-09-22,0.669000,0.679000,0.661000,0.664000,0.664000,0
2020-09-23,0.679000,0.692000,0.671000,0.676000,0.676000,0
2020-09-24,0.668000,0.674000,0.661000,0.666000,0.666000,0
2020-09-25,0.659000,0.664000,0.651000,0.659000,0.659000,0
2020-09-27,null,null,null,null,null,null
2020-09-28,0.671000,0.671000,0.656000,0.663000,0.663000,0
2020-09-29,0.650000,0.659000,0.641000,0.645000,0.645000,0
2020-09-30,0.645000,0.704000,0.645000,0.677000,0.677000,0
2020-10-01,0.701000,0.720000,0.669000,0.677000,0.677000,0
2020-10-02,0.666000,0.704000,0.653000,0.696000,0.696000,0
2020-10-04,null,null,null,null,null,null
2020-10-05,0.711000,0.762000,0.711000,0.762000,0.762000,0
2020-10-06,0.785000,0.792000,0.727000,0.742000,0.742000,0
2020-10-07,0.780000,0.789000,0.760000,0.785000,0.785000,0
2020-10-08,0.780000,0.780000,0.762000,0.765000,0.765000,0
2020-10-09,0.774000,0.799000,0.760000,0.775000,0.775000,0
2020-10-11,null,null,null,null,null,null
2020-10-12,0.777000,0.777000,0.777000,0.777000,0.777000,0
2020-10-13,0.757000,0.757000,0.726000,0.727000,0.727000,0
2020-10-14,0.717000,0.727000,0.709000,0.722000,0.722000,0
2020-10-15,0.698000,0.734000,0.693000,0.731000,0.731000,0
2020-10-16,0.727000,0.757000,0.721000,0.744000,0.744000,0
2020-10-18,null,null,null,null,null,null
2020-10-19,0.771000,0.781000,0.757000,0.761000,0.761000,0
2020-10-20,0.779000,0.799000,0.776000,0.797000,0.797000,0
2020-10-21,0.821000,0.823000,0.799000,0.816000,0.816000,0
2020-10-22,0.813000,0.853000,0.804000,0.848000,0.848000,0
2020-10-23,0.860000,0.872000,0.831000,0.841000,0.841000,0
2020-10-25,null,null,null,null,null,null
2020-10-26,0.818000,0.818000,0.791000,0.801000,0.801000,0
2020-10-27,0.794000,0.794000,0.769000,0.778000,0.778000,0
2020-10-28,0.761000,0.783000,0.746000,0.781000,0.781000,0
2020-10-29,0.769000,0.842000,0.769000,0.835000,0.835000,0
2020-10-30,0.820000,0.865000,0.816000,0.860000,0.860000,0
2020-11-01,null,null,null,null,null,null
2020-11-02,0.854000,0.855000,0.828000,0.849000,0.849000,0
2020-11-03,0.871000,0.896000,0.871000,0.882000,0.882000,0
2020-11-04,0.786000,0.801000,0.756000,0.768000,0.768000,0
2020-11-05,0.763000,0.790000,0.748000,0.776000,0.776000,0
2020-11-06,0.783000,0.837000,0.782000,0.820000,0.820000,0
2020-11-08,null,null,null,null,null,null
2020-11-09,0.918000,0.975000,0.903000,0.958000,0.958000,0
2020-11-10,0.949000,0.973000,0.939000,0.972000,0.972000,0
2020-11-11,0.958000,0.958000,0.958000,0.958000,0.958000,0
2020-11-12,0.937000,0.937000,0.883000,0.885000,0.885000,0
2020-11-13,0.888000,0.898000,0.872000,0.893000,0.893000,0
2020-11-15,null,null,null,null,null,null
2020-11-16,0.916000,0.921000,0.896000,0.906000,0.906000,0
2020-11-17,0.878000,0.885000,0.865000,0.872000,0.872000,0
2020-11-18,0.854000,0.893000,0.851000,0.882000,0.882000,0
2020-11-19,0.857000,0.865000,0.842000,0.854000,0.854000,0
2020-11-20,0.829000,0.850000,0.826000,0.829000,0.829000,0
2020-11-22,null,null,null,null,null,null
2020-11-23,0.854000,0.862000,0.846000,0.857000,0.857000,0
2020-11-24,0.873000,0.888000,0.865000,0.882000,0.882000,0
2020-11-25,0.880000,0.885000,0.855000,0.878000,0.878000,0
2020-11-27,0.857000,0.864000,0.839000,0.842000,0.842000,0
2020-11-29,null,null,null,null,null,null
2020-11-30,0.850000,0.859000,0.837000,0.844000,0.844000,0
2020-12-01,0.857000,0.938000,0.857000,0.934000,0.934000,0
2020-12-02,0.923000,0.966000,0.920000,0.948000,0.948000,0
2020-12-03,0.939000,0.941000,0.910000,0.920000,0.920000,0
2020-12-04,0.925000,0.986000,0.901000,0.969000,0.969000,0
2020-12-06,null,null,null,null,null,null
2020-12-07,0.948000,0.948000,0.925000,0.928000,0.928000,0
2020-12-08,0.925000,0.928000,0.893000,0.913000,0.913000,0
2020-12-09,0.943000,0.959000,0.925000,0.941000,0.941000,0
2020-12-10,0.926000,0.941000,0.908000,0.908000,0.908000,0
2020-12-11,0.893000,0.900000,0.873000,0.893000,0.893000,0
2020-12-13,null,null,null,null,null,null
2020-12-14,0.930000,0.936000,0.888000,0.892000,0.892000,0
2020-12-15,0.901000,0.925000,0.901000,0.923000,0.923000,0
2020-12-16,0.943000,0.953000,0.913000,0.920000,0.920000,0
2020-12-17,0.921000,0.945000,0.892000,0.930000,0.930000,0
2020-12-18,0.926000,0.951000,0.920000,0.948000,0.948000,0
2020-12-20,null,null,null,null,null,null
2020-12-21,0.900000,0.948000,0.895000,0.941000,0.941000,0
2020-12-22,0.931000,0.933000,0.916000,0.918000,0.918000,0
2020-12-23,0.920000,0.973000,0.918000,0.955000,0.955000,0
2020-12-24,0.940000,0.941000,0.923000,0.928000,0.928000,0
2020-12-27,null,null,null,null,null,null
2020-12-28,0.953000,0.958000,0.931000,0.933000,0.933000,0
2020-12-29,0.950000,0.950000,0.928000,0.935000,0.935000,0
2020-12-30,0.943000,0.945000,0.925000,0.926000,0.926000,0
2020-12-31,0.927000,0.937000,0.912000,0.917000,0.917000,0
2021-01-03,null,null,null,null,null,null
2021-01-04,0.935000,0.953000,0.907000,0.917000,0.917000,0
2021-01-05,0.937000,0.963000,0.927000,0.955000,0.955000,0
2021-01-06,1.000000,1.054000,1.000000,1.042000,1.042000,0
2021-01-07,1.056000,1.088000,1.054000,1.071000,1.071000,0
2021-01-08,1.088000,1.126000,1.075000,1.105000,1.105000,0
2021-01-10,null,null,null,null,null,null
2021-01-11,1.115000,1.138000,1.100000,1.132000,1.132000,0
2021-01-12,1.165000,1.187000,1.131000,1.138000,1.138000,0
2021-01-13,1.129000,1.133000,1.073000,1.088000,1.088000,0
2021-01-14,1.105000,1.133000,1.087000,1.129000,1.129000,0
2021-01-15,1.104000,1.119000,1.085000,1.097000,1.097000,0
2021-01-17,null,null,null,null,null,null
2021-01-19,1.113000,1.118000,1.089000,1.092000,1.092000,0
2021-01-20,1.106000,1.106000,1.087000,1.090000,1.090000,0
2021-01-21,1.102000,1.123000,1.096000,1.109000,1.109000,0
2021-01-22,1.087000,1.101000,1.082000,1.091000,1.091000,0
2021-01-24,null,null,null,null,null,null
2021-01-25,1.067000,1.070000,1.035000,1.040000,1.040000,0
2021-01-26,1.048000,1.050000,1.033000,1.040000,1.040000,0
2021-01-27,1.023000,1.023000,1.001000,1.014000,1.014000,0
2021-01-28,1.008000,1.070000,1.008000,1.057000,1.057000,0
2021-01-29,1.084000,1.105000,1.066000,1.093000,1.093000,0
2021-01-31,null,null,null,null,null,null
2021-02-01,1.079000,1.088000,1.060000,1.077000,1.077000,0
2021-02-02,1.110000,1.117000,1.096000,1.105000,1.105000,0
2021-02-03,1.124000,1.132000,1.113000,1.131000,1.131000,0
2021-02-04,1.146000,1.162000,1.136000,1.139000,1.139000,0
2021-02-05,1.172000,1.188000,1.136000,1.170000,1.170000,0
2021-02-07,null,null,null,null,null,null
2021-02-08,1.191000,1.193000,1.150000,1.160000,1.160000,0
2021-02-09,1.150000,1.159000,1.140000,1.157000,1.157000,0
2021-02-10,1.174000,1.176000,1.131000,1.133000,1.133000,0
2021-02-11,1.152000,1.165000,1.138000,1.158000,1.158000,0
2021-02-12,1.183000,1.202000,1.178000,1.200000,1.200000,0
2021-02-14,null,null,null,null,null,null
2021-02-16,1.245000,1.301000,1.245000,1.299000,1.299000,0
2021-02-17,1.314000,1.331000,1.269000,1.301000,1.301000,0
2021-02-18,1.301000,1.318000,1.277000,1.287000,1.287000,0
2021-02-19,1.313000,1.362000,1.308000,1.345000,1.345000,0
2021-02-21,null,null,null,null,null,null
2021-02-22,1.359000,1.370000,1.326000,1.370000,1.370000,0
2021-02-23,1.359000,1.389000,1.342000,1.362000,1.362000,0
2021-02-24,1.396000,1.435000,1.369000,1.389000,1.389000,0
2021-02-25,1.456000,1.614000,1.432000,1.518000,1.518000,0
2021-02-26,1.470000,1.519000,1.439000,1.460000,1.460000,0
2021-02-28,null,null,null,null,null,null
2021-03-01,1.451000,1.460000,1.407000,1.446000,1.446000,0
2021-03-02,1.446000,1.451000,1.403000,1.415000,1.415000,0
2021-03-03,1.465000,1.498000,1.455000,1.470000,1.470000,0
2021-03-04,1.469000,1.555000,1.458000,1.550000,1.550000,0
2021-03-05,1.577000,1.626000,1.540000,1.554000,1.554000,0
2021-03-07,null,null,null,null,null,null
2021-03-08,1.592000,1.606000,1.577000,1.596000,1.596000,0
2021-03-09,1.544000,1.563000,1.528000,1.546000,1.546000,0
2021-03-10,1.561000,1.563000,1.506000,1.520000,1.520000,0
2021-03-11,1.497000,1.547000,1.497000,1.527000,1.527000,0
2021-03-12,1.591000,1.642000,1.584000,1.635000,1.635000,0
2021-03-14,null,null,null,null,null,null
2021-03-15,1.627000,1.627000,1.595000,1.607000,1.607000,0
2021-03-16,1.593000,1.629000,1.585000,1.621000,1.621000,0
2021-03-17,1.662000,1.689000,1.632000,1.641000,1.641000,0
2021-03-18,1.730000,1.754000,1.724000,1.730000,1.730000,0
2021-03-19,1.689000,1.750000,1.682000,1.732000,1.732000,0
2021-03-21,null,null,null,null,null,null
2021-03-22,1.698000,1.702000,1.675000,1.684000,1.684000,0
2021-03-23,1.649000,1.665000,1.638000,1.638000,1.638000,0
2021-03-24,1.628000,1.651000,1.612000,1.614000,1.614000,0
2021-03-25,1.602000,1.642000,1.591000,1.614000,1.614000,0
2021-03-26,1.672000,1.676000,1.634000,1.660000,1.660000,0
2021-03-28,null,null,null,null,null,null
2021-03-29,1.646000,1.728000,1.641000,1.721000,1.721000,0
2021-03-30,1.751000,1.765000,1.717000,1.726000,1.726000,0
2021-03-31,1.719000,1.751000,1.708000,1.746000,1.746000,0
2021-04-01,1.705000,1.707000,1.672000,1.679000,1.679000,0
2021-04-04,null,null,null,null,null,null
2021-04-05,1.743000,1.745000,1.704000,1.720000,1.720000,0
2021-04-06,1.695000,1.695000,1.653000,1.656000,1.656000,0
2021-04-07,1.660000,1.670000,1.635000,1.653000,1.653000,0
2021-04-08,1.662000,1.662000,1.628000,1.632000,1.632000,0
2021-04-09,1.669000,1.687000,1.637000,1.666000,1.666000,0
2021-04-11,null,null,null,null,null,null
2021-04-12,1.675000,1.685000,1.664000,1.675000,1.675000,0
2021-04-13,1.680000,1.696000,1.622000,1.623000,1.623000,0
2021-04-14,1.631000,1.650000,1.629000,1.638000,1.638000,0
2021-04-15,1.611000,1.618000,1.529000,1.530000,1.530000,0
2021-04-16,1.564000,1.598000,1.564000,1.573000,1.573000,0
2021-04-18,null,null,null,null,null,null
2021-04-19,1.587000,1.615000,1.580000,1.601000,1.601000,0
2021-04-20,1.594000,1.612000,1.557000,1.562000,1.562000,0
2021-04-21,1.568000,1.584000,1.554000,1.564000,1.564000,0
2021-04-22,1.577000,1.587000,1.543000,1.554000,1.554000,0
2021-04-23,1.544000,1.581000,1.531000,1.567000,1.567000,0
2021-04-25,null,null,null,null,null,null
2021-04-26,1.595000,1.595000,1.556000,1.570000,1.570000,0
2021-04-27,1.581000,1.627000,1.570000,1.622000,1.622000,0
2021-04-28,1.638000,1.659000,1.613000,1.620000,1.620000,0
2021-04-29,1.665000,1.688000,1.640000,1.640000,1.640000,0
2021-04-30,1.642000,1.653000,1.622000,1.631000,1.631000,0
2021-05-02,null,null,null,null,null,null
2021-05-03,1.651000,1.651000,1.578000,1.607000,1.607000,0
2021-05-04,1.603000,1.603000,1.557000,1.592000,1.592000,0
2021-05-05,1.607000,1.626000,1.582000,1.584000,1.584000,0
2021-05-06,1.577000,1.591000,1.557000,1.561000,1.561000,0
2021-05-07,1.570000,1.584000,1.471000,1.577000,1.577000,0
2021-05-09,null,null,null,null,null,null
2021-05-10,1.577000,1.607000,1.560000,1.602000,1.602000,0
2021-05-11,1.604000,1.631000,1.602000,1.624000,1.624000,0
2021-05-12,1.617000,1.695000,1.617000,1.695000,1.695000,0
2021-05-13,1.690000,1.700000,1.657000,1.668000,1.668000,0
2021-05-14,1.639000,1.651000,1.625000,1.635000,1.635000,0
2021-05-16,null,null,null,null,null,null
2021-05-17,1.635000,1.647000,1.628000,1.640000,1.640000,0
2021-05-18,1.639000,1.657000,1.628000,1.642000,1.642000,0
2021-05-19,1.656000,1.692000,1.620000,1.683000,1.683000,0
2021-05-20,1.664000,1.666000,1.627000,1.634000,1.634000,0
2021-05-21,1.622000,1.639000,1.613000,1.632000,1.632000,0
2021-05-23,null,null,null,null,null,null
2021-05-24,1.611000,1.622000,1.598000,1.608000,1.608000,0
2021-05-25,1.591000,1.600000,1.562000,1.564000,1.564000,0
2021-05-26,1.560000,1.583000,1.552000,1.574000,1.574000,0
2021-05-27,1.611000,1.625000,1.605000,1.610000,1.610000,0
2021-05-28,1.610000,1.618000,1.579000,1.581000,1.581000,0
2021-05-30,null,null,null,null,null,null
2021-06-01,1.625000,1.639000,1.608000,1.615000,1.615000,0
2021-06-02,1.605000,1.606000,1.588000,1.591000,1.591000,0
2021-06-03,1.601000,1.630000,1.596000,1.625000,1.625000,0
2021-06-04,1.627000,1.635000,1.557000,1.560000,1.560000,0
2021-06-06,null,null,null,null,null,null
2021-06-07,1.581000,1.582000,1.564000,1.569000,1.569000,0
2021-06-08,1.536000,1.536000,1.513000,1.528000,1.528000,0
2021-06-09,1.503000,1.508000,1.472000,1.489000,1.489000,0
2021-06-10,1.503000,1.533000,1.459000,1.459000,1.459000,0
2021-06-11,1.452000,1.472000,1.450000,1.462000,1.462000,0
2021-06-13,null,null,null,null,null,null
2021-06-14,1.464000,1.502000,1.459000,1.501000,1.501000,0
2021-06-15,1.494000,1.513000,1.486000,1.499000,1.499000,0
2021-06-16,1.489000,1.594000,1.484000,1.569000,1.569000,0
2021-06-17,1.569000,1.575000,1.472000,1.511000,1.511000,0
2021-06-18,1.507000,1.521000,1.438000,1.450000,1.450000,0
2021-06-20,null,null,null,null,null,null
2021-06-21,1.452000,1.492000,1.452000,1.484000,1.484000,0
2021-06-22,1.495000,1.509000,1.470000,1.472000,1.472000,0
2021-06-23,1.468000,1.499000,1.465000,1.487000,1.487000,0
2021-06-24,1.484000,1.497000,1.477000,1.487000,1.487000,0
2021-06-25,1.487000,1.545000,1.478000,1.536000,1.536000,0
2021-06-27,null,null,null,null,null,null
2021-06-28,1.509000,1.512000,1.471000,1.478000,1.478000,0
2021-06-29,1.492000,1.510000,1.478000,1.480000,1.480000,0
2021-06-30,1.453000,1.466000,1.438000,1.443000,1.443000,0
2021-07-01,1.471000,1.485000,1.454000,1.480000,1.480000,0
2021-07-02,1.444000,1.468000,1.426000,1.431000,1.431000,0
2021-07-04,null,null,null,null,null,null
2021-07-06,1.424000,1.427000,1.352000,1.370000,1.370000,0
2021-07-07,1.325000,1.343000,1.296000,1.321000,1.321000,0
2021-07-08,1.281000,1.306000,1.268000,1.288000,1.288000,0
2021-07-09,1.338000,1.360000,1.333000,1.356000,1.356000,0
2021-07-11,null,null,null,null,null,null
2021-07-12,1.343000,1.376000,1.338000,1.363000,1.363000,0
2021-07-13,1.351000,1.420000,1.343000,1.415000,1.415000,0
2021-07-14,1.381000,1.386000,1.354000,1.356000,1.356000,0
2021-07-15,1.329000,1.349000,1.292000,1.297000,1.297000,0
2021-07-16,1.315000,1.336000,1.299000,1.300000,1.300000,0
2021-07-18,null,null,null,null,null,null
2021-07-19,1.227000,1.227000,1.176000,1.181000,1.181000,0
2021-07-20,1.180000,1.224000,1.128000,1.209000,1.209000,0
2021-07-21,1.243000,1.303000,1.233000,1.280000,1.280000,0
2021-07-22,1.287000,1.295000,1.233000,1.265000,1.265000,0
2021-07-23,1.300000,1.312000,1.281000,1.286000,1.286000,0
2021-07-25,null,null,null,null,null,null
2021-07-26,1.255000,1.285000,1.251000,1.276000,1.276000,0
2021-07-27,1.253000,1.254000,1.229000,1.234000,1.234000,0
2021-07-28,1.266000,1.278000,1.246000,1.261000,1.261000,0
2021-07-29,1.264000,1.284000,1.244000,1.269000,1.269000,0
2021-07-30,1.236000,1.251000,1.226000,1.239000,1.239000,0
2021-08-01,null,null,null,null,null,null
2021-08-02,1.231000,1.231000,1.151000,1.174000,1.174000,0
2021-08-03,1.177000,1.181000,1.154000,1.176000,1.176000,0
2021-08-04,1.172000,1.215000,1.129000,1.184000,1.184000,0
2021-08-05,1.182000,1.227000,1.179000,1.217000,1.217000,0
2021-08-06,1.252000,1.300000,1.247000,1.290000,1.290000,0
2021-08-08,null,null,null,null,null,null
2021-08-09,1.278000,1.324000,1.268000,1.317000,1.317000,0
2021-08-10,1.320000,1.349000,1.312000,1.342000,1.342000,0
2021-08-11,1.368000,1.371000,1.302000,1.329000,1.329000,0
2021-08-12,1.357000,1.379000,1.351000,1.367000,1.367000,0
2021-08-13,1.352000,1.359000,1.293000,1.297000,1.297000,0
2021-08-15,null,null,null,null,null,null
2021-08-16,1.273000,1.282000,1.225000,1.257000,1.257000,0
2021-08-17,1.227000,1.272000,1.223000,1.258000,1.258000,0
2021-08-18,1.277000,1.299000,1.263000,1.273000,1.273000,0
2021-08-19,1.237000,1.257000,1.232000,1.242000,1.242000,0
2021-08-20,1.230000,1.267000,1.228000,1.260000,1.260000,0
2021-08-22,null,null,null,null,null,null
2021-08-23,1.267000,1.273000,1.252000,1.255000,1.255000,0
2021-08-24,1.263000,1.292000,1.260000,1.290000,1.290000,0
2021-08-25,1.307000,1.351000,1.290000,1.342000,1.342000,0
2021-08-26,1.361000,1.375000,1.341000,1.342000,1.342000,0
2021-08-27,1.344000,1.359000,1.310000,1.312000,1.312000,0
2021-08-29,null,null,null,null,null,null
2021-08-30,1.310000,1.312000,1.285000,1.285000,1.285000,0
2021-08-31,1.292000,1.314000,1.270000,1.304000,1.304000,0
2021-09-01,1.311000,1.322000,1.284000,1.302000,1.302000,0
2021-09-02,1.287000,1.304000,1.285000,1.294000,1.294000,0
2021-09-03,1.297000,1.336000,1.270000,1.322000,1.322000,0
2021-09-05,null,null,null,null,null,null
2021-09-07,1.366000,1.385000,1.358000,1.370000,1.370000,0
2021-09-08,1.348000,1.363000,1.327000,1.334000,1.334000,0
2021-09-09,1.338000,1.346000,1.287000,1.299000,1.299000,0
2021-09-10,1.319000,1.355000,1.317000,1.341000,1.341000,0
2021-09-12,null,null,null,null,null,null
2021-09-13,1.338000,1.338000,1.316000,1.324000,1.324000,0
2021-09-14,1.346000,1.350000,1.265000,1.277000,1.277000,0
2021-09-15,1.274000,1.319000,1.260000,1.304000,1.304000,0
2021-09-16,1.312000,1.351000,1.309000,1.331000,1.331000,0
2021-09-17,1.340000,1.386000,1.336000,1.370000,1.370000,0
2021-09-19,null,null,null,null,null,null
2021-09-20,1.309000,1.338000,1.297000,1.309000,1.309000,0
2021-09-21,1.324000,1.326000,1.306000,1.324000,1.324000,0
2021-09-22,1.336000,1.338000,1.297000,1.336000,1.336000,0
2021-09-23,1.338000,1.411000,1.336000,1.410000,1.410000,0
2021-09-24,1.423000,1.466000,1.422000,1.460000,1.460000,0
2021-09-26,null,null,null,null,null,null
2021-09-27,1.496000,1.517000,1.470000,1.484000,1.484000,0
2021-09-28,1.537000,1.567000,1.515000,1.534000,1.534000,0
2021-09-29,1.517000,1.553000,1.498000,1.541000,1.541000,0
2021-09-30,1.538000,1.555000,1.512000,1.529000,1.529000,0
2021-10-01,1.496000,1.505000,1.474000,1.479000,1.479000,0
2021-10-03,null,null,null,null,null,null
2021-10-04,1.486000,1.508000,1.463000,1.481000,1.481000,0
2021-10-05,1.491000,1.538000,1.489000,1.529000,1.529000,0
2021-10-06,1.543000,1.543000,1.509000,1.524000,1.524000,0
2021-10-07,1.529000,1.573000,1.529000,1.571000,1.571000,0
2021-10-08,1.575000,1.617000,1.558000,1.605000,1.605000,0
2021-10-10,null,null,null,null,null,null
2021-10-11,1.614000,1.614000,1.614000,1.614000,1.614000,0
2021-10-12,1.600000,1.615000,1.577000,1.580000,1.580000,0
2021-10-13,1.565000,1.600000,1.526000,1.549000,1.549000,0
2021-10-14,1.537000,1.546000,1.507000,1.519000,1.519000,0
2021-10-15,1.542000,1.577000,1.539000,1.576000,1.576000,0
2021-10-17,null,null,null,null,null,null
2021-10-18,1.599000,1.627000,1.577000,1.584000,1.584000,0
2021-10-19,1.593000,1.636000,1.593000,1.635000,1.635000,0
2021-10-20,1.623000,1.653000,1.620000,1.636000,1.636000,0
2021-10-21,1.675000,1.683000,1.645000,1.676000,1.676000,0
2021-10-22,1.687000,1.691000,1.636000,1.655000,1.655000,0
2021-10-24,null,null,null,null,null,null
2021-10-25,1.654000,1.673000,1.620000,1.635000,1.635000,0
2021-10-26,1.618000,1.654000,1.617000,1.619000,1.619000,0
2021-10-27,1.583000,1.599000,1.520000,1.529000,1.529000,0
2021-10-28,1.541000,1.582000,1.530000,1.568000,1.568000,0
2021-10-29,1.605000,1.619000,1.554000,1.557000,1.557000,0
2021-10-31,null,null,null,null,null,null
2021-11-01,1.587000,1.605000,1.561000,1.575000,1.575000,0
2021-11-02,1.556000,1.570000,1.528000,1.549000,1.549000,0
2021-11-03,1.535000,1.602000,1.530000,1.579000,1.579000,0
2021-11-04,1.568000,1.579000,1.509000,1.524000,1.524000,0
2021-11-05,1.526000,1.547000,1.450000,1.453000,1.453000,0
2021-11-07,null,null,null,null,null,null
2021-11-08,1.483000,1.504000,1.460000,1.497000,1.497000,0
2021-11-09,1.464000,1.469000,1.415000,1.432000,1.432000,0
2021-11-10,1.473000,1.592000,1.464000,1.560000,1.560000,0
2021-11-11,1.560000,1.560000,1.560000,1.560000,1.560000,0
2021-11-12,1.572000,1.589000,1.541000,1.582000,1.582000,0
2021-11-14,null,null,null,null,null,null
2021-11-15,1.553000,1.625000,1.549000,1.623000,1.623000,0
2021-11-16,1.601000,1.637000,1.599000,1.634000,1.634000,0
2021-11-17,1.641000,1.646000,1.599000,1.604000,1.604000,0
2021-11-18,1.596000,1.613000,1.577000,1.589000,1.589000,0
2021-11-19,1.529000,1.557000,1.521000,1.536000,1.536000,0
2021-11-21,null,null,null,null,null,null
2021-11-22,1.575000,1.627000,1.570000,1.625000,1.625000,0
2021-11-23,1.655000,1.669000,1.639000,1.667000,1.667000,0
2021-11-24,1.665000,1.693000,1.639000,1.645000,1.645000,0
2021-11-25,null,null,null,null,null,null
2021-11-26,1.538000,1.543000,1.473000,1.482000,1.482000,0
2021-11-28,null,null,null,null,null,null
2021-11-29,1.547000,1.565000,1.511000,1.530000,1.530000,0
2021-11-30,1.444000,1.500000,1.412000,1.443000,1.443000,0
2021-12-01,1.482000,1.497000,1.431000,1.434000,1.434000,0
2021-12-02,1.422000,1.465000,1.409000,1.448000,1.448000,0
2021-12-03,1.424000,1.470000,1.343000,1.343000,1.343000,0
2021-12-05,null,null,null,null,null,null
2021-12-06,1.390000,1.441000,1.370000,1.434000,1.434000,0
2021-12-07,1.453000,1.482000,1.439000,1.480000,1.480000,0
2021-12-08,1.490000,1.537000,1.489000,1.509000,1.509000,0
2021-12-09,1.484000,1.508000,1.472000,1.487000,1.487000,0
2021-12-10,1.509000,1.520000,1.451000,1.489000,1.489000,0
2021-12-12,null,null,null,null,null,null
2021-12-13,1.468000,1.472000,1.414000,1.424000,1.424000,0
2021-12-14,1.439000,1.472000,1.421000,1.438000,1.438000,0
2021-12-15,1.446000,1.484000,1.436000,1.463000,1.463000,0
2021-12-16,1.472000,1.479000,1.416000,1.422000,1.422000,0
2021-12-17,1.395000,1.412000,1.372000,1.402000,1.402000,0
2021-12-19,null,null,null,null,null,null
2021-12-20,1.387000,1.421000,1.375000,1.419000,1.419000,0
2021-12-21,1.450000,1.498000,1.448000,1.487000,1.487000,0
2021-12-22,1.477000,1.481000,1.448000,1.457000,1.457000,0
2021-12-23,1.476000,1.501000,1.458000,1.493000,1.493000,0
2021-12-26,null,null,null,null,null,null
2021-12-27,1.489000,1.494000,1.476000,1.481000,1.481000,0
2021-12-28,1.486000,1.489000,1.455000,1.481000,1.481000,0
2021-12-29,1.505000,1.558000,1.505000,1.543000,1.543000,0
2021-12-30,1.531000,1.550000,1.513000,1.515000,1.515000,0
2021-12-31,1.505000,1.522000,1.491000,1.512000,1.512000,0
2022-01-02,null,null,null,null,null,null
2022-01-03,1.534000,1.635000,1.533000,1.628000,1.628000,0
2022-01-04,1.663000,1.686000,1.654000,1.668000,1.668000,0
2022-01-05,1.660000,1.710000,1.647000,1.705000,1.705000,0
2022-01-06,1.733000,1.744000,1.721000,1.733000,1.733000,0
2022-01-07,1.739000,1.801000,1.727000,1.771000,1.771000,0
2022-01-09,null,null,null,null,null,null
2022-01-10,1.775000,1.808000,1.767000,1.780000,1.780000,0
2022-01-11,1.760000,1.785000,1.745000,1.746000,1.746000,0
2022-01-12,1.732000,1.746000,1.711000,1.725000,1.725000,0
2022-01-13,1.738000,1.746000,1.708000,1.711000,1.711000,0
2022-01-14,1.726000,1.775000,1.706000,1.772000,1.772000,0
2022-01-16,null,null,null,null,null,null
2022-01-18,1.827000,1.866000,1.813000,1.865000,1.865000,0
2022-01-19,1.858000,1.874000,1.822000,1.827000,1.827000,0
2022-01-20,1.829000,1.845000,1.820000,1.833000,1.833000,0
2022-01-21,1.772000,1.785000,1.733000,1.747000,1.747000,0
2022-01-23,null,null,null,null,null,null
2022-01-24,1.732000,1.737000,1.707000,1.735000,1.735000,0
2022-01-25,1.774000,1.787000,1.730000,1.783000,1.783000,0
2022-01-26,1.785000,1.857000,1.771000,1.848000,1.848000,0
2022-01-27,1.830000,1.842000,1.782000,1.807000,1.807000,0
2022-01-28,1.834000,1.848000,1.777000,1.782000,1.782000,0
2022-01-30,null,null,null,null,null,null
2022-01-31,1.803000,1.816000,1.773000,1.782000,1.782000,0
2022-02-01,1.750000,1.820000,1.750000,1.800000,1.800000,0
2022-02-02,1.777000,1.811000,1.743000,1.766000,1.766000,0
2022-02-03,1.798000,1.847000,1.797000,1.827000,1.827000,0
2022-02-04,1.813000,1.936000,1.810000,1.930000,1.930000,0
2022-02-06,null,null,null,null,null,null
2022-02-07,1.921000,1.939000,1.910000,1.916000,1.916000,0
2022-02-08,1.943000,1.971000,1.943000,1.954000,1.954000,0
2022-02-09,1.936000,1.947000,1.909000,1.929000,1.929000,0
2022-02-10,1.929000,2.050000,1.927000,2.031000,2.031000,0
2022-02-11,2.007000,2.063000,1.934000,1.955000,1.955000,0
2022-02-13,null,null,null,null,null,null
2022-02-14,1.963000,2.026000,1.955000,1.996000,1.996000,0
2022-02-15,2.033000,2.056000,2.024000,2.045000,2.045000,0
2022-02-16,2.035000,2.065000,2.007000,2.047000,2.047000,0
2022-02-17,2.002000,2.014000,1.953000,1.972000,1.972000,0
2022-02-18,1.960000,1.960000,1.918000,1.932000,1.932000,0
2022-02-20,null,null,null,null,null,null
2022-02-22,1.944000,1.960000,1.920000,1.948000,1.948000,0
2022-02-23,1.981000,2.000000,1.955000,1.977000,1.977000,0
2022-02-24,1.882000,1.969000,1.856000,1.969000,1.969000,0
2022-02-25,1.998000,2.011000,1.963000,1.986000,1.986000,0
2022-02-27,null,null,null,null,null,null
2022-02-28,1.917000,1.920000,1.839000,1.839000,1.839000,0
2022-03-01,1.734000,1.794000,1.682000,1.707000,1.707000,0
2022-03-02,1.777000,1.868000,1.760000,1.865000,1.865000,0
2022-03-03,1.847000,1.897000,1.830000,1.844000,1.844000,0
2022-03-04,1.794000,1.816000,1.700000,1.724000,1.724000,0
2022-03-06,null,null,null,null,null,null
2022-03-07,1.773000,1.806000,1.719000,1.751000,1.751000,0
2022-03-08,1.851000,1.877000,1.835000,1.872000,1.872000,0
2022-03-09,1.911000,1.950000,1.892000,1.948000,1.948000,0
2022-03-10,1.974000,2.021000,1.946000,2.011000,2.011000,0
2022-03-11,2.011000,2.020000,1.976000,2.004000,2.004000,0
2022-03-13,null,null,null,null,null,null
2022-03-14,2.078000,2.140000,2.069000,2.140000,2.140000,0
2022-03-15,2.119000,2.162000,2.078000,2.160000,2.160000,0
2022-03-16,2.169000,2.246000,2.149000,2.188000,2.188000,0
2022-03-17,2.142000,2.194000,2.135000,2.192000,2.192000,0
2022-03-18,2.151000,2.178000,2.137000,2.148000,2.148000,0
2022-03-20,null,null,null,null,null,null
2022-03-21,2.207000,2.315000,2.207000,2.315000,2.315000,0
2022-03-22,2.355000,2.390000,2.333000,2.373000,2.373000,0
2022-03-23,2.374000,2.395000,2.299000,2.321000,2.321000,0
2022-03-24,2.368000,2.386000,2.326000,2.341000,2.341000,0
2022-03-25,2.359000,2.503000,2.354000,2.492000,2.492000,0
2022-03-27,null,null,null,null,null,null
2022-03-28,2.464000,2.481000,2.414000,2.477000,2.477000,0
2022-03-29,2.496000,2.496000,2.380000,2.400000,2.400000,0
2022-03-30,2.402000,2.435000,2.345000,2.358000,2.358000,0
2022-03-31,2.322000,2.351000,2.311000,2.327000,2.327000,0
2022-04-01,2.404000,2.456000,2.357000,2.377000,2.377000,0
2022-04-03,null,null,null,null,null,null
2022-04-04,2.404000,2.434000,2.371000,2.412000,2.412000,0
2022-04-05,2.480000,2.567000,2.447000,2.556000,2.556000,0
2022-04-06,2.628000,2.641000,2.568000,2.609000,2.609000,0
2022-04-07,2.630000,2.673000,2.609000,2.652000,2.652000,0
2022-04-08,2.689000,2.728000,2.668000,2.713000,2.713000,0
2022-04-10,null,null,null,null,null,null
2022-04-11,2.769000,2.792000,2.734000,2.780000,2.780000,0
2022-04-12,2.761000,2.771000,2.674000,2.725000,2.725000,0
2022-04-13,2.746000,2.761000,2.646000,2.687000,2.687000,0
2022-04-14,2.667000,2.835000,2.667000,2.828000,2.828000,0
2022-04-17,null,null,null,null,null,null
2022-04-18,2.862000,2.868000,2.810000,2.862000,2.862000,0
2022-04-19,2.880000,2.930000,2.880000,2.913000,2.913000,0
2022-04-20,2.880000,2.903000,2.819000,2.840000,2.840000,0
2022-04-21,2.854000,2.954000,2.846000,2.917000,2.917000,0
2022-04-22,2.934000,2.938000,2.864000,2.906000,2.906000,0
2022-04-24,null,null,null,null,null,null
2022-04-25,2.837000,2.843000,2.760000,2.826000,2.826000,0
2022-04-26,2.761000,2.782000,2.724000,2.772000,2.772000,0
2022-04-27,2.753000,2.820000,2.730000,2.818000,2.818000,0
2022-04-28,2.867000,2.888000,2.836000,2.863000,2.863000,0
2022-04-29,2.854000,2.934000,2.854000,2.887000,2.887000,0
2022-05-01,null,null,null,null,null,null
2022-05-02,2.922000,3.002000,2.907000,2.996000,2.996000,0
2022-05-03,2.958000,2.969000,2.913000,2.960000,2.960000,0
2022-05-04,2.962000,3.011000,2.911000,2.917000,2.917000,0
2022-05-05,2.935000,3.108000,2.927000,3.066000,3.066000,0
2022-05-06,3.079000,3.131000,3.043000,3.123000,3.123000,0
2022-05-08,null,null,null,null,null,null
2022-05-09,3.163000,3.167000,3.069000,3.079000,3.079000,0
2022-05-10,2.991000,3.005000,2.942000,2.993000,2.993000,0
2022-05-11,2.954000,3.076000,2.907000,2.921000,2.921000,0
2022-05-12,2.841000,2.880000,2.817000,2.817000,2.817000,0
2022-05-13,2.911000,2.942000,2.888000,2.935000,2.935000,0
2022-05-15,null,null,null,null,null,null
2022-05-16,2.929000,2.933000,2.853000,2.877000,2.877000,0
2022-05-17,2.909000,2.984000,2.909000,2.968000,2.968000,0
2022-05-18,2.995000,3.014000,2.879000,2.886000,2.886000,0
2022-05-19,2.826000,2.859000,2.772000,2.855000,2.855000,0
2022-05-20,2.851000,2.861000,2.774000,2.787000,2.787000,0
2022-05-22,null,null,null,null,null,null
2022-05-23,2.832000,2.868000,2.801000,2.859000,2.859000,0
2022-05-24,2.814000,2.828000,2.718000,2.760000,2.760000,0
2022-05-25,2.736000,2.770000,2.708000,2.749000,2.749000,0
2022-05-26,2.743000,2.795000,2.729000,2.756000,2.756000,0
2022-05-27,2.724000,2.752000,2.709000,2.743000,2.743000,0
2022-05-29,null,null,null,null,null,null
2022-05-30,null,null,null,null,null,null
2022-05-31,2.830000,2.877000,2.828000,2.844000,2.844000,0
2022-06-01,2.871000,2.952000,2.833000,2.931000,2.931000,0
2022-06-02,2.910000,2.942000,2.889000,2.913000,2.913000,0
2022-06-03,2.920000,2.986000,2.919000,2.957000,2.957000,0
2022-06-05,null,null,null,null,null,null
2022-06-06,2.970000,3.040000,2.961000,3.038000,3.038000,0
2022-06-07,3.029000,3.029000,2.957000,2.972000,2.972000,0
2022-06-08,3.009000,3.040000,2.988000,3.029000,3.029000,0
2022-06-09,3.053000,3.073000,3.020000,3.044000,3.044000,0
2022-06-10,3.040000,3.178000,2.994000,3.156000,3.156000,0
2022-06-12,null,null,null,null,null,null
2022-06-13,3.282000,3.366000,3.246000,3.366000,3.366000,0
2022-06-14,3.349000,3.483000,3.303000,3.483000,3.483000,0
2022-06-15,3.383000,3.448000,3.354000,3.395000,3.395000,0
2022-06-16,3.439000,3.450000,3.307000,3.307000,3.307000,0
2022-06-17,3.212000,3.313000,3.197000,3.239000,3.239000,0
2022-06-19,null,null,null,null,null,null
2022-06-20,null,null,null,null,null,null
2022-06-21,3.283000,3.317000,3.258000,3.307000,3.307000,0
2022-06-22,3.201000,3.205000,3.126000,3.156000,3.156000,0
2022-06-23,3.117000,3.124000,3.005000,3.068000,3.068000,0
2022-06-24,3.117000,3.141000,3.057000,3.125000,3.125000,0
2022-06-26,null,null,null,null,null,null
2022-06-27,3.183000,3.219000,3.153000,3.194000,3.194000,0
2022-06-28,3.240000,3.253000,3.185000,3.206000,3.206000,0
2022-06-29,3.149000,3.187000,3.093000,3.093000,3.093000,0
2022-06-30,3.035000,3.041000,2.972000,2.972000,2.972000,0
2022-07-01,2.932000,2.932000,2.791000,2.889000,2.889000,0
2022-07-03,null,null,null,null,null,null
2022-07-04,null,null,null,null,null,null
2022-07-05,2.871000,2.871000,2.780000,2.809000,2.809000,0
2022-07-06,2.784000,2.924000,2.746000,2.913000,2.913000,0
2022-07-07,2.937000,3.017000,2.928000,3.008000,3.008000,0
2022-07-08,2.984000,3.101000,2.976000,3.101000,3.101000,0
2022-07-10,null,null,null,null,null,null
2022-07-11,3.049000,3.049000,2.969000,2.991000,2.991000,0
2022-07-12,2.923000,2.971000,2.899000,2.958000,2.958000,0
2022-07-13,2.956000,3.071000,2.900000,2.904000,2.904000,0
2022-07-14,2.943000,3.028000,2.943000,2.960000,2.960000,0
2022-07-15,2.937000,2.971000,2.901000,2.930000,2.930000,0
2022-07-17,null,null,null,null,null,null
2022-07-18,2.960000,3.019000,2.956000,2.960000,2.960000,0
2022-07-19,2.986000,3.038000,2.971000,3.019000,3.019000,0
2022-07-20,2.973000,3.042000,2.943000,3.036000,3.036000,0
2022-07-21,3.077000,3.081000,2.910000,2.910000,2.910000,0
2022-07-22,2.809000,2.823000,2.732000,2.783000,2.783000,0
2022-07-24,null,null,null,null,null,null
2022-07-25,2.814000,2.845000,2.801000,2.820000,2.820000,0
2022-07-26,2.736000,2.796000,2.707000,2.787000,2.787000,0
2022-07-27,2.783000,2.803000,2.723000,2.734000,2.734000,0
2022-07-28,2.769000,2.790000,2.649000,2.681000,2.681000,0
2022-07-29,2.707000,2.728000,2.618000,2.642000,2.642000,0
2022-07-31,null,null,null,null,null,null
2022-08-01,2.658000,2.696000,2.584000,2.606000,2.606000,0
2022-08-02,2.557000,2.754000,2.525000,2.741000,2.741000,0
2022-08-03,2.783000,2.849000,2.746000,2.748000,2.748000,0
2022-08-04,2.683000,2.721000,2.656000,2.676000,2.676000,0
2022-08-05,2.697000,2.869000,2.688000,2.840000,2.840000,0
2022-08-07,null,null,null,null,null,null
2022-08-08,2.792000,2.807000,2.761000,2.765000,2.765000,0
2022-08-09,2.812000,2.814000,2.774000,2.797000,2.797000,0
2022-08-10,2.812000,2.818000,2.674000,2.786000,2.786000,0
2022-08-11,2.739000,2.902000,2.730000,2.888000,2.888000,0
2022-08-12,2.848000,2.879000,2.837000,2.849000,2.849000,0
2022-08-14,null,null,null,null,null,null
2022-08-15,2.804000,2.804000,2.759000,2.791000,2.791000,0
2022-08-16,2.806000,2.871000,2.804000,2.824000,2.824000,0
2022-08-17,2.895000,2.919000,2.860000,2.893000,2.893000,0
2022-08-18,2.866000,2.891000,2.835000,2.880000,2.880000,0
2022-08-19,2.961000,2.998000,2.952000,2.989000,2.989000,0
2022-08-21,null,null,null,null,null,null
2022-08-22,2.981000,3.041000,2.965000,3.037000,3.037000,0
2022-08-23,3.033000,3.078000,2.983000,3.054000,3.054000,0
2022-08-24,3.048000,3.126000,3.048000,3.106000,3.106000,0
2022-08-25,3.108000,3.128000,3.020000,3.026000,3.026000,0
2022-08-26,3.071000,3.087000,3.008000,3.035000,3.035000,0
2022-08-28,null,null,null,null,null,null
2022-08-29,3.099000,3.125000,3.086000,3.110000,3.110000,0
2022-08-30,3.073000,3.151000,3.067000,3.110000,3.110000,0
2022-08-31,3.127000,3.144000,3.103000,3.133000,3.133000,0
2022-09-01,3.217000,3.295000,3.217000,3.265000,3.265000,0
2022-09-02,3.258000,3.288000,3.176000,3.193000,3.193000,0
2022-09-04,null,null,null,null,null,null
2022-09-05,null,null,null,null,null,null
2022-09-06,3.250000,3.353000,3.244000,3.340000,3.340000,0
2022-09-07,3.323000,3.332000,3.250000,3.265000,3.265000,0
2022-09-08,3.231000,3.304000,3.209000,3.292000,3.292000,0
2022-09-09,3.273000,3.325000,3.251000,3.321000,3.321000,0
2022-09-11,null,null,null,null,null,null
2022-09-12,3.268000,3.365000,3.262000,3.362000,3.362000,0
2022-09-13,3.302000,3.458000,3.293000,3.422000,3.422000,0
2022-09-14,3.460000,3.476000,3.383000,3.412000,3.412000,0
2022-09-15,3.465000,3.468000,3.410000,3.459000,3.459000,0
2022-09-16,3.453000,3.490000,3.415000,3.448000,3.448000,0
2022-09-18,null,null,null,null,null,null
2022-09-19,3.510000,3.510000,3.463000,3.490000,3.490000,0
2022-09-20,3.553000,3.602000,3.534000,3.571000,3.571000,0
2022-09-21,3.530000,3.620000,3.503000,3.510000,3.510000,0
2022-09-22,3.548000,3.716000,3.546000,3.708000,3.708000,0
2022-09-23,3.769000,3.773000,3.659000,3.697000,3.697000,0
2022-09-25,null,null,null,null,null,null
2022-09-26,3.783000,3.904000,3.735000,3.878000,3.878000,0
2022-09-27,3.809000,3.992000,3.809000,3.964000,3.964000,0
2022-09-28,3.911000,3.913000,3.703000,3.705000,3.705000,0
2022-09-29,3.818000,3.826000,3.721000,3.747000,3.747000,0
2022-09-30,3.714000,3.804000,3.686000,3.804000,3.804000,0
2022-10-02,null,null,null,null,null,null
2022-10-03,3.712000,3.712000,3.568000,3.651000,3.651000,0
2022-10-04,3.593000,3.659000,3.564000,3.617000,3.617000,0
2022-10-05,3.703000,3.789000,3.697000,3.759000,3.759000,0
2022-10-06,3.763000,3.844000,3.741000,3.826000,3.826000,0
2022-10-07,3.833000,3.910000,3.833000,3.883000,3.883000,0
2022-10-09,null,null,null,null,null,null
2022-10-10,3.888000,3.888000,3.888000,3.888000,3.888000,0
2022-10-11,3.900000,3.970000,3.870000,3.939000,3.939000,0
2022-10-12,3.953000,3.978000,3.884000,3.902000,3.902000,0
2022-10-13,3.860000,4.080000,3.844000,3.952000,3.952000,0
2022-10-14,3.887000,4.031000,3.851000,4.010000,4.010000,0
2022-10-16,null,null,null,null,null,null
2022-10-17,3.939000,4.015000,3.910000,4.015000,4.015000,0
2022-10-18,3.984000,4.067000,3.965000,3.998000,3.998000,0
2022-10-19,4.094000,4.136000,4.067000,4.127000,4.127000,0
2022-10-20,4.123000,4.228000,4.101000,4.226000,4.226000,0
2022-10-21,4.331000,4.333000,4.200000,4.213000,4.213000,0
2022-10-23,null,null,null,null,null,null
2022-10-24,4.192000,4.291000,4.171000,4.234000,4.234000,0
2022-10-25,4.163000,4.171000,4.052000,4.108000,4.108000,0
2022-10-26,4.059000,4.082000,3.997000,4.015000,4.015000,0
2022-10-27,4.061000,4.067000,3.911000,3.937000,3.937000,0
2022-10-28,3.994000,4.048000,3.950000,4.010000,4.010000,0
2022-10-30,null,null,null,null,null,null