horizon,mse,rmse,mae,mape,mdape,smape,coverage
37 days 00:00:00,59.792518328063096,7.732562209776465,5.645960757624915,0.08484143038800099,0.06551353877545808,0.08480931602867196,0.2492354740061162
37 days 12:00:00,60.50458250073343,7.778469161778134,5.664990284633135,0.08484985114530266,0.06385599605157288,0.0848061101741788,0.2489296636085627
38 days 00:00:00,61.61574159739032,7.84956951669264,5.714309243266179,0.08599556873896617,0.06614883441839389,0.08590853862820055,0.2515290519877676
38 days 12:00:00,61.3452746079026,7.832322427473387,5.673771213148393,0.08569917457775193,0.06429943662613612,0.08560665782115073,0.25688073394495414
39 days 00:00:00,62.307082256380916,7.893483531140159,5.703356358056567,0.08667707764575013,0.06385599605157288,0.08655602468099854,0.26360856269113153
39 days 12:00:00,61.84791101907581,7.864344284113954,5.660718352888771,0.08624847142320893,0.06329901145972862,0.08608596598286376,0.2691131498470948
40 days 00:00:00,62.5002433650544,7.905709542163462,5.685578183244397,0.08657277730943301,0.06329901145972862,0.08623019532303164,0.27645259938837924
40 days 12:00:00,62.90335128029259,7.931163299308153,5.702127855863853,0.08644658531572774,0.06329901145972862,0.08605366040466274,0.2770642201834862
41 days 00:00:00,63.182421481494046,7.948737099784723,5.720460769211272,0.0859758610620022,0.06361165503456928,0.08556284673832737,0.28287461773700306
41 days 12:00:00,64.34192512806455,8.021341853335048,5.786534667167302,0.0864832168611992,0.06385599605157288,0.08608728377804316,0.28318042813455657
42 days 00:00:00,66.35089523990342,8.14560588537792,5.87589383516017,0.0869866603954329,0.06614883441839389,0.08676903296915449,0.2874617737003058
42 days 12:00:00,67.39224831150355,8.20927818456066,5.922376252497039,0.08730892259739056,0.06614883441839389,0.08712987531700346,0.2892966360856269
43 days 00:00:00,69.31940474717403,8.325827571309295,6.017108645745334,0.08868897698655918,0.06614883441839389,0.08850751081163656,0.290519877675841
43 days 12:00:00,69.81710671126189,8.355663152094026,6.031965368816638,0.08856702984980533,0.06614883441839389,0.0884096041263665,0.2923547400611621
44 days 00:00:00,71.2003660257289,8.438030932968243,6.100281185651381,0.08966057742135713,0.06385599605157288,0.08949752080203345,0.2889908256880734
44 days 12:00:00,71.29882453558066,8.44386312866218,6.082219815730116,0.08920762114359679,0.06361165503456928,0.08907286643663768,0.29480122324159025
45 days 00:00:00,72.48717331915604,8.513939941011802,6.1242689200084435,0.09038805384581927,0.06361165503456928,0.09020878976419827,0.2974006116207951
45 days 12:00:00,71.96144626839008,8.483009269615946,6.0637008532429295,0.08977736082176703,0.06297019378027842,0.08960837152144101,0.2996941896024465
46 days 00:00:00,73.05415754824931,8.547172488504565,6.089973517034025,0.0909323439622504,0.06283593092403852,0.09066326287697236,0.30642201834862387
46 days 12:00:00,72.32051904022306,8.50414716713105,6.023558424178539,0.08997636306066147,0.061739741421802705,0.0896937843716688,0.3180428134556575
47 days 00:00:00,72.81478150607838,8.533157768732416,6.0304158766085605,0.09038249073720887,0.05790824511998991,0.0898148926914335,0.3253822629969419
47 days 12:00:00,73.04150570068639,8.546432337571414,6.035972290324427,0.09003537894577117,0.057852646304015695,0.08943336296706833,0.32782874617737
48 days 00:00:00,73.43497273024673,8.56942079316022,6.057981403281895,0.08953334445089683,0.05726168399248111,0.08894607216767701,0.327217125382263
48 days 12:00:00,74.60536436501927,8.637439688068408,6.1194262912829105,0.08991710892210622,0.05726168399248111,0.08940092991546315,0.32782874617737
49 days 00:00:00,76.60701231735769,8.75254319140201,6.20661527726957,0.0905389774231608,0.05790824511998991,0.09024902386137552,0.3302752293577982
49 days 12:00:00,77.66194189857858,8.812601312812157,6.253408052123031,0.09097232832798124,0.05790824511998991,0.09075102360358137,0.33211009174311923
50 days 00:00:00,80.6234845115354,8.979058108261434,6.3950987789964335,0.09326053828428453,0.059987391826446065,0.09290840276570787,0.3302752293577982
50 days 12:00:00,81.14281936652885,9.007930914839925,6.407883620194401,0.09310266271123122,0.05790824511998991,0.09279603339490672,0.3363914373088685
51 days 00:00:00,81.94973592933495,9.0526093436829,6.443087464334703,0.09324793425103402,0.05968942512142143,0.09295590972524785,0.3363914373088685
51 days 12:00:00,82.42831249678795,9.079003937480584,6.445496188255881,0.09300256505461575,0.057852646304015695,0.09272873826785191,0.345565749235474
52 days 00:00:00,83.908659703354,9.160167012852659,6.495410029893631,0.0942978784317085,0.05726168399248111,0.09398228518623092,0.3480122324159021
52 days 12:00:00,83.62049618466192,9.144424322211973,6.453806364641495,0.09378189438434169,0.055500381385746506,0.09347806247844181,0.35091743119266056
53 days 00:00:00,84.7697821575773,9.20705067638803,6.470622398044963,0.09474159069622799,0.05407736575496401,0.09438638886761405,0.3553516819571865
53 days 12:00:00,83.89936722672363,9.15965977679977,6.4042072639607674,0.09391006504163625,0.05252397294238795,0.0935548906604866,0.3602446483180428
54 days 00:00:00,84.3271990999302,9.182984215380651,6.4087591378242,0.09432775970496834,0.05228441515089804,0.09377530333013102,0.3669724770642202
54 days 12:00:00,83.96553110672444,9.163270764673738,6.375904824982987,0.09348568569431438,0.051194648734961316,0.09292554786576165,0.3730886850152905
55 days 00:00:00,85.7848401307459,9.262010587920201,6.437081197928569,0.09328739675943029,0.05072063181760599,0.09278581802877486,0.382262996941896
55 days 12:00:00,86.56086727128886,9.303809288204958,6.478945135666431,0.09334612460635389,0.05072063181760599,0.09282143645187493,0.3853211009174312
56 days 00:00:00,89.74405576240353,9.473333930692169,6.615580204763238,0.09405870102275245,0.05072063181760599,0.0938081940717209,0.3876146788990826
56 days 12:00:00,90.61340503509174,9.519107365456687,6.662325460418268,0.0940145796772252,0.051194648734961316,0.09391786474725129,0.38990825688073394
57 days 00:00:00,94.0423121282073,9.697541550733737,6.8308341034898294,0.0963191561312139,0.05252397294238795,0.09624718169557235,0.3837920489296636
57 days 12:00:00,95.13877837949599,9.753910927391944,6.898451189281628,0.096967529973026,0.05283299063888903,0.09696202356608763,0.3802242609582059
58 days 00:00:00,96.11131946119583,9.803638072735847,6.956013572269134,0.09723279079417942,0.055500381385746506,0.09728025936921036,0.3761467889908257
58 days 12:00:00,96.30863531384415,9.813696312493278,6.961568826172095,0.09711029715237396,0.055500381385746506,0.09713986539523314,0.37512742099898067
59 days 00:00:00,98.015996865715,9.900302867373048,7.012884440498381,0.09845120306141611,0.055500381385746506,0.09848078943636332,0.3753822629969419
60 days 00:00:00,99.3096116000133,9.965420793926029,7.013954405680953,0.09921932895346942,0.05407736575496401,0.09909802568871579,0.382262996941896
60 days 12:00:00,98.07397171642504,9.903230367734814,6.9274131428844035,0.09807666905425658,0.05252397294238795,0.09797399175416141,0.38914373088685017
61 days 00:00:00,98.2971714560297,9.914493000452907,6.912575049638164,0.09839974275679911,0.05228441515089804,0.09804231310461814,0.3944954128440367
61 days 12:00:00,98.00633947398497,9.899815123222503,6.885227627280701,0.09798610130805903,0.05228441515089804,0.09768057995034046,0.3952599388379205
62 days 00:00:00,98.82625183191772,9.941139362865693,6.919831656249896,0.09775523005345091,0.05162437084786093,0.09750254213672219,0.39755351681957185
62 days 12:00:00,99.39834290823774,9.969871759869218,6.941358897744142,0.09743956852758595,0.051194648734961316,0.09725760659148046,0.39816513761467887
63 days 00:00:00,101.90087684336582,10.09459641805287,7.05715633181476,0.09834579181064741,0.05228441515089804,0.0984145440548497,0.39143730886850153
63 days 12:00:00,102.84472663264295,10.141238910145198,7.0970241088964325,0.09829529681003547,0.05228441515089804,0.09851598162152383,0.39327217125382263
64 days 00:00:00,105.96301132596949,10.29383365544487,7.254095566964799,0.10077123740523615,0.05252397294238795,0.10090435439892245,0.3865443425076453
64 days 12:00:00,107.3517958064662,10.36107117080402,7.313090903046396,0.10128915567519588,0.05252397294238795,0.10152013328523563,0.382262996941896
65 days 00:00:00,109.54837048459015,10.466535744198753,7.40170609077247,0.10298712155500334,0.05252397294238795,0.10317471102571185,0.38409785932721713
65 days 12:00:00,109.96674671323662,10.486503073629294,7.397049460204338,0.10278091101190223,0.05162437084786093,0.10300687055270552,0.3853211009174312
66 days 00:00:00,112.36795961523278,10.600375446899642,7.462820829300953,0.10405790074388552,0.051194648734961316,0.10431360883905515,0.38715596330275226
66 days 12:00:00,112.42493767273638,10.603062655324468,7.4240768290456804,0.10350262804103817,0.05031327655736799,0.10384947039231761,0.3944954128440367
67 days 00:00:00,113.9450327069315,10.674503862331566,7.446186852661649,0.10461046985829116,0.04987147266031662,0.10495849777391594,0.3938837920489297
67 days 12:00:00,112.96117712363775,10.62831958136552,7.3799425481287155,0.10389451378515013,0.0496996399256579,0.1042516568200003,0.39633027522935776
68 days 00:00:00,112.72825457648905,10.617356289420123,7.356443983536551,0.10438647091533404,0.049117542908903036,0.10445439215813415,0.40214067278287463
68 days 12:00:00,112.18531649806238,10.591757007128816,7.321352135051205,0.10383774034213591,0.048278851173187656,0.10385334395393342,0.40550458715596327
69 days 00:00:00,112.2038855274333,10.592633550134419,7.326809374931145,0.1033237019145502,0.048278851173187656,0.10335593113372175,0.40244648318042814
69 days 12:00:00,112.95255460143652,10.627913934608076,7.34846399407812,0.10292800826815007,0.04821742890307688,0.10305672819975596,0.4074923547400612
70 days 00:00:00,115.90363777307223,10.765855180758853,7.468477690973243,0.10380564260135332,0.04825860386163703,0.10426800479497592,0.40122324159021405
70 days 12:00:00,116.91580563627609,10.812761240140102,7.495416902548827,0.10363833790742592,0.04813275340376507,0.10429498095758225,0.40519877675840976
71 days 00:00:00,119.89506235484859,10.949660376233073,7.619143046618713,0.10593611001609728,0.048278851173187656,0.10657550916314291,0.40122324159021405
71 days 12:00:00,120.8991093151804,10.99541310343456,7.641991491784365,0.10622603314122367,0.04821742890307688,0.10696290935772336,0.40214067278287463
72 days 00:00:00,123.32011709910525,11.104959121901587,7.739174857852717,0.10807217278766634,0.04825860386163703,0.10878086393560302,0.4
72 days 12:00:00,123.26317121914117,11.102394841615983,7.706372790538604,0.10773270377667409,0.04821742890307688,0.10844260060410198,0.40519877675840976
73 days 00:00:00,125.37922113580257,11.197286329097892,7.773051229953497,0.10925909095968594,0.04821742890307688,0.10998513466633307,0.4030581039755352
73 days 12:00:00,124.89761682406757,11.175760234725312,7.703279011931966,0.10821942747705704,0.04795737944486014,0.10905183270450165,0.4090214067278288
74 days 00:00:00,126.44281706052703,11.244679500124805,7.733140076363874,0.1096441197937451,0.04795737944486014,0.11049794167913349,0.4061162079510704
74 days 12:00:00,124.46922271069268,11.15657755365384,7.605484836058079,0.10805971793390104,0.04728738350931283,0.10892671709920089,0.41284403669724773
75 days 00:00:00,124.19630523793178,11.144339605285356,7.586268610036504,0.10884796232756923,0.04705379131984114,0.10949909205846226,0.4134556574923547
75 days 12:00:00,123.20423085083438,11.099740125373854,7.52712049434851,0.10775282851417782,0.0464921502322688,0.10841292045407516,0.4152905198776759
76 days 00:00:00,122.39385170196965,11.063175480031475,7.475371383174067,0.1070261703368381,0.046324544664710574,0.10769291904926748,0.4165137614678899
76 days 12:00:00,123.63482701280124,11.119119884811083,7.5165671759863,0.10708002819159576,0.046324544664710574,0.10782921994273016,0.41712538226299695
77 days 00:00:00,122.9245356179182,11.087133787319345,7.48840912277735,0.10622430616243572,0.046324544664710574,0.10700192586647297,0.41590214067278286
77 days 12:00:00,124.53901011533291,11.159704750365616,7.563858047400039,0.10670892276223912,0.046324544664710574,0.10758205438184917,0.41590214067278286
78 days 00:00:00,126.92471462107041,11.266086925861632,7.643475281795118,0.10720957231560518,0.04705379131984114,0.10847641946776686,0.4146788990825688
78 days 12:00:00,127.84996124492663,11.307075715892532,7.67865008989815,0.10742808277104345,0.045356077702945315,0.10883859330341611,0.4136085626911315
79 days 00:00:00,131.8980335256695,11.484686914568872,7.8337814480161745,0.10994488561364235,0.046324544664710574,0.111388383973717,0.40856269113149846
79 days 12:00:00,131.52291699714223,11.468344126208553,7.803711379359637,0.10967940684710363,0.0448908724442133,0.11117575148914004,0.41284403669724773
80 days 00:00:00,133.99945781623123,11.575813483994601,7.871890648986381,0.11154102458456944,0.045356077702945315,0.11294615628962064,0.40672782874617736
80 days 12:00:00,133.01907166487806,11.533389426568325,7.806834511992882,0.11087407225551986,0.0448908724442133,0.11232084821586945,0.4122324159021407
81 days 00:00:00,134.09282408370342,11.579845598439706,7.794681620935443,0.11147763595684558,0.04429611240372363,0.11294042414762857,0.4151376146788991
81 days 12:00:00,132.62415357644173,11.516256057262783,7.7031285125951445,0.11057337257175362,0.04299356938340972,0.11200927363160577,0.42201834862385323
82 days 00:00:00,131.21732965183674,11.455013297759052,7.623737792242365,0.11008953168171272,0.043442434462176126,0.11131757808363513,0.42629969418960245
82 days 12:00:00,130.12707851009276,11.40732565109337,7.565351352986218,0.10962473059074036,0.04299356938340972,0.11082791443603372,0.42813455657492355
83 days 00:00:00,130.050758625498,11.40397994673342,7.534027014701998,0.10833912481206456,0.043442434462176126,0.10963840748365448,0.42813455657492355
83 days 12:00:00,130.80808244854322,11.437136112180497,7.574763893817161,0.10867662393126111,0.04429611240372363,0.11001438011600914,0.4256880733944954
84 days 00:00:00,133.6608333986061,11.561177855158448,7.67437644529542,0.10892194054496171,0.0448908724442133,0.11061363514542842,0.42079510703363915
84 days 12:00:00,134.50033426332809,11.597427915849622,7.734756826238611,0.1093037545094091,0.04543822793571621,0.11108321021305442,0.41284403669724773
85 days 00:00:00,139.11377246348053,11.794650162827235,7.914250325272688,0.11099247053851541,0.046324544664710574,0.11307323169567951,0.40550458715596327
85 days 12:00:00,139.8446957404026,11.825594942344448,7.952262976824671,0.1111523120131915,0.04705379131984114,0.11337614869891005,0.40519877675840976
86 days 00:00:00,143.76137093264467,11.990052999576134,8.084828142582253,0.11346198286118249,0.04765927961506092,0.11574281101223322,0.4048929663608563
86 days 12:00:00,143.73813350518623,11.989083931026016,8.077850866132307,0.11348347993199367,0.04813275340376507,0.11578899323891251,0.40061162079510704
87 days 00:00:00,145.14164873474485,12.04747478664076,8.114695688901493,0.11480987698808763,0.04821742890307688,0.11708159415932107,0.3944954128440367
87 days 12:00:00,145.56892475847812,12.065194766703028,8.080172620552357,0.11447115579869978,0.04813275340376507,0.11688922588194613,0.3944954128440367
88 days 00:00:00,144.93924091371795,12.039071430709178,8.014986702925881,0.11422911417149961,0.047693048306809586,0.1168219963802893,0.39755351681957185
88 days 12:00:00,142.9413920012135,11.95580996843014,7.911598254577149,0.11363757503059803,0.04765927961506092,0.11618437630184829,0.39877675840978594
89 days 00:00:00,141.57632426821752,11.898584969155682,7.861184490594373,0.11369008708140697,0.04765927961506092,0.11609423894215265,0.39959225280326194
89 days 12:00:00,140.12524154772265,11.837450804447833,7.808369179522113,0.11255742224077343,0.04765927961506092,0.11499607220256236,0.39816513761467887
90 days 00:00:00,139.66315383590748,11.817916645327445,7.807248830431711,0.11214544656032185,0.04813275340376507,0.11462343775501671,0.3969418960244649
90 days 12:00:00,141.83562541815334,11.909476286476805,7.863583875172261,0.1120128966222212,0.04821742890307688,0.11470339153984538,0.3922018348623853
91 days 00:00:00,144.36311208675104,12.015120144499223,7.975775632566393,0.11302711294319227,0.04825860386163703,0.11609103521630389,0.38776758409785933
91 days 12:00:00,147.05649552483922,12.126685265349275,8.045667422584883,0.11339600271899769,0.048278851173187656,0.1167745619663042,0.3837920489296636
92 days 00:00:00,149.578188846121,12.230216222378123,8.144735085570554,0.11510401791240214,0.049117542908903036,0.11863116568156379,0.38165137614678896
92 days 12:00:00,151.77612643923976,12.319745388571947,8.200833973844615,0.11582462009075498,0.04929085759450214,0.11949216275644951,0.37844036697247707
93 days 00:00:00,153.6124115136584,12.394047422600028,8.262256615261725,0.11712253012550437,0.05002112047319458,0.12082995405339252,0.3767584097859327
93 days 12:00:00,155.52744061348625,12.471064133163868,8.269580019456264,0.11712574183423723,0.050552116174321614,0.12088009138334713,0.3761467889908257
94 days 00:00:00,156.19160623669845,12.497664031197928,8.267369451109646,0.11753258110314066,0.05286199127589515,0.12146742059029701,0.3730886850152905
94 days 12:00:00,157.68190265626782,12.557145482006165,8.246448391522454,0.11735802794718644,0.05286199127589515,0.12144312055770624,0.3761467889908257
95 days 00:00:00,158.7251037041714,12.598615150252483,8.255188627572718,0.1190146600859084,0.050552116174321614,0.12317552418762674,0.37553516819571864
95 days 12:00:00,156.62046106622498,12.514809669596456,8.16137119400758,0.11773122558556204,0.05286199127589515,0.12190989770985346,0.37716615698267075
96 days 00:00:00,154.0926632944434,12.413406595066618,8.086822651377942,0.11668717449347267,0.05290414754853463,0.1208985778023245,0.3749235474006116
96 days 12:00:00,153.89702149248745,12.405523829830301,8.101755334053825,0.11662429883816529,0.053254788713929316,0.12090102782081487,0.36926605504587157
97 days 00:00:00,153.63414327484165,12.394924093145615,8.110099621302702,0.11642785003320132,0.0546043702385689,0.12097895924527222,0.3657492354740061
97 days 12:00:00,157.68036607158382,12.557084298179408,8.22719728366145,0.11715954928346153,0.05493316437283924,0.12198118016326462,0.363914373088685
98 days 00:00:00,160.1050757481056,12.65326344261059,8.309259113423447,0.11857188890676727,0.05542513273808684,0.12367888445110158,0.3577981651376147
98 days 12:00:00,162.40844151532784,12.743957058752507,8.362957606917254,0.11899627773344101,0.05610481644941366,0.12420936952079834,0.3577981651376147
99 days 00:00:00,163.3959769240463,12.782643581202063,8.38869063576351,0.1197489367170146,0.05622684871124298,0.12487284883174461,0.3577981651376147
99 days 12:00:00,166.47230142452864,12.90241455792398,8.46513937512832,0.12038228610873568,0.056253853967641106,0.1256344735377693,0.3516819571865443
100 days 00:00:00,167.34572310773208,12.936217496151341,8.4777086195112,0.12002654100005919,0.056253853967641106,0.12553803420460802,0.3547400611620795
100 days 12:00:00,169.78725792341808,13.030243970218596,8.50365275186201,0.11993155484153716,0.057388096656529504,0.12557753650172163,0.3565749235474006
101 days 00:00:00,170.59958675459353,13.061377674448952,8.53018024641171,0.12047491344013207,0.05765303747842526,0.12631394561535564,0.35045871559633024
101 days 12:00:00,173.10630012047585,13.156986741669837,8.560026640514183,0.12068967789062823,0.05765303747842526,0.12670070932622263,0.3510703363914373
102 days 00:00:00,173.32659165489454,13.165355735979736,8.56346202706997,0.12106973010686638,0.059653732860479015,0.12724207892636274,0.3486238532110092
102 days 12:00:00,172.23800996545958,13.123947956520537,8.526913142847178,0.12093353291183209,0.06032546815522282,0.1270779019709447,0.3474006116207951
103 days 00:00:00,170.1159456024422,13.042850363415283,8.466319981065677,0.1202011819022229,0.06047056759083107,0.12624654310240957,0.3522935779816514
103 days 12:00:00,169.8142480751054,13.031279602368503,8.47782185625115,0.12022571836190286,0.060585980934966546,0.1263239279215632,0.35015290519877673
104 days 00:00:00,169.3127571251399,13.01202355996714,8.453519810482575,0.11971260977547081,0.060585980934966546,0.12600634921411769,0.3492354740061162
104 days 12:00:00,173.41567209049987,13.16873843959625,8.559084446100249,0.12032232254164635,0.062153543324282884,0.12694055327512938,0.345565749235474
105 days 00:00:00,173.6429001033576,13.177363169593438,8.574621643295455,0.12066379099484496,0.06250964400291226,0.12733159594626356,0.3486238532110092
105 days 12:00:00,177.83691512498328,13.335550799460188,8.676627199925779,0.12163892126678766,0.06460718770611545,0.12849264270249608,0.34938837920489296
106 days 00:00:00,178.80560189880978,13.371821188559537,8.708304364606613,0.12206230103088035,0.06620159353719977,0.12903906935670403,0.3480122324159021
106 days 12:00:00,181.33826382547923,13.466189655038994,8.759682742831874,0.12231758931812832,0.0697629294916996,0.1292933883975565,0.3486238532110092
107 days 00:00:00,183.14844446952037,13.533234811733681,8.84951003657248,0.12382265378821812,0.07112880624514414,0.13081198660829854,0.3425076452599388
107 days 12:00:00,184.75169507396325,13.592339573228857,8.83317593137321,0.12246426812797125,0.07112880624514414,0.1297261287061294,0.345565749235474
108 days 00:00:00,186.2751471413565,13.648265352833542,8.907433162792373,0.12393747432397519,0.07124500625702955,0.13119854941308323,0.3394495412844037
108 days 12:00:00,189.07616322980348,13.750496835743917,8.873568733922028,0.12281657750103799,0.07112880624514414,0.13038390514638193,0.3406727828746178
109 days 00:00:00,189.71919561459734,13.773859140219104,8.904182052415397,0.12407859160605121,0.07140107775449038,0.13167919740034317,0.33562691131498473
109 days 12:00:00,186.86508959845526,13.669860628347871,8.789108274450458,0.12256433726834262,0.07140107775449038,0.13017764358293954,0.3376146788990826
110 days 00:00:00,186.31866787261237,13.649859628311654,8.792135944116335,0.1235516166978095,0.07236806829393666,0.13099940385112108,0.3333333333333333
110 days 12:00:00,183.4293176746611,13.543608000627495,8.703672134878008,0.1217147525787759,0.07236806829393666,0.12916205758534108,0.3363914373088685
111 days 00:00:00,183.5406766052293,13.547718501844852,8.73601888059588,0.12196595608102508,0.07236806829393666,0.12950748195476705,0.33562691131498473
111 days 12:00:00,190.32092659732416,13.795685071692676,8.869356514956793,0.12231091642270081,0.07622199132643419,0.13030686449188142,0.3348623853211009
112 days 00:00:00,192.2248503899635,13.864517676066612,8.968521624442603,0.12360389735453278,0.07732158284859912,0.13181235391121804,0.3333333333333333
112 days 12:00:00,198.5086954585311,14.08931139050206,9.10309209969447,0.1246492291333564,0.07831513541606223,0.13308377463894155,0.3302752293577982
113 days 00:00:00,199.33938903488203,14.118760180514506,9.161386338656667,0.12579328632838976,0.07882166024735615,0.13417403719074117,0.3287461773700306
113 days 12:00:00,205.86850815278137,14.348118627638307,9.290305520937856,0.12678471404377015,0.08049752276076061,0.13538909802737872,0.3256880733944954
114 days 00:00:00,204.2597068660857,14.291945524178495,9.248978131107025,0.1269645147143178,0.08049752276076061,0.13529421837008188,0.3241590214067278
114 days 12:00:00,209.02128902684382,14.45756857244135,9.313961411610041,0.12714673269108864,0.08352211070047795,0.13566100168952783,0.326605504587156
115 days 00:00:00,206.5021586886922,14.370182973389454,9.230890103210433,0.1267043395431883,0.08052955660571805,0.13519849202511003,0.3284403669724771
115 days 12:00:00,211.53892649761622,14.544377831231428,9.302995712966329,0.12729544488907618,0.08491721038884825,0.1360462278123633,0.327217125382263
116 days 00:00:00,208.87983452686214,14.45267568745878,9.227026836866612,0.12679708986103477,0.08498445448449302,0.1354934989995137,0.33149847094801227
116 days 12:00:00,208.3304311730895,14.433656195610643,9.210098059705011,0.1269488828263881,0.08530930001783499,0.1356498442137491,0.3302752293577982
117 days 00:00:00,205.66282958883116,14.340949396355569,9.147523364271462,0.12599629289584433,0.08530930001783499,0.13461397046618215,0.327217125382263
117 days 12:00:00,206.13349687347252,14.357349925159326,9.197361861859262,0.12672635843816424,0.08784970361544255,0.13540039880019905,0.3211009174311927
118 days 00:00:00,205.67813977811014,14.341483179159335,9.18916213117747,0.12612408625791166,0.08701193330314164,0.1350534523790985,0.3211009174311927
118 days 12:00:00,213.78019568618194,14.621224151423913,9.363508639197454,0.12755596237536918,0.08909582631079327,0.13680036722311084,0.3149847094801223
119 days 00:00:00,213.32960071042567,14.60580708863518,9.36432770143183,0.12826399574978053,0.08909582631079327,0.13768690238437742,0.3180428134556575
119 days 12:00:00,222.0777880313587,14.902274592536493,9.50585287812097,0.1292900073413708,0.08956173642958909,0.139015491844643,0.3180428134556575
120 days 00:00:00,220.03099857459162,14.833441899120771,9.447931094665796,0.12935801478317613,0.08909582631079327,0.13885843157536246,0.3217125382262997
120 days 12:00:00,227.24373878496115,15.074605758856885,9.548734966184021,0.12977535667749826,0.08909582631079327,0.13949537953180516,0.32262996941896027
121 days 00:00:00,225.81929026652756,15.0272848600979,9.504155445157036,0.1295525614397192,0.08909582631079327,0.13924014684991118,0.3253822629969419
121 days 12:00:00,228.8548725933495,15.12795004596953,9.54394041633423,0.1295992618003232,0.08956173642958909,0.13949303319330378,0.3241590214067278
122 days 00:00:00,227.3288328797731,15.0774279265322,9.503207708720497,0.1298553259755365,0.08909582631079327,0.13974896816890406,0.3235474006116208
122 days 12:00:00,230.5401856155745,15.18354983577867,9.541933556670138,0.1298713826055793,0.08956173642958909,0.13998203821027685,0.3259938837920489
123 days 00:00:00,229.97972608427384,15.165082462165309,9.537653755969218,0.13078112074758846,0.09023124939951303,0.1408493263603208,0.327217125382263
123 days 12:00:00,227.21090174383707,15.073516568599281,9.440115678595477,0.12967127065870898,0.09023124939951303,0.13967566875967202,0.3327217125382263
124 days 00:00:00,225.46926922324363,15.015634159876287,9.424061778935355,0.13000625143854821,0.09060886091331016,0.13977109742107896,0.3351681957186544
124 days 12:00:00,224.00581310937943,14.966823748189842,9.375680532091595,0.1293289475347064,0.09060886091331016,0.1390943073550675,0.3345565749235474
125 days 00:00:00,224.19096733838433,14.973007958936785,9.412154090410013,0.1295306317127503,0.09060886091331016,0.1393031285015011,0.3363914373088685
125 days 12:00:00,223.8952574052974,14.963129933449666,9.39315861319742,0.12896151000703687,0.09060886091331016,0.13881912733598736,0.3370030581039755
126 days 00:00:00,224.37471132601894,14.979142543083665,9.42241139539245,0.1293241527624897,0.09060886091331016,0.13935957349078815,0.33715596330275227
126 days 12:00:00,227.46489577919647,15.081939390515945,9.49684289487921,0.1298919892974602,0.09060886091331016,0.14007652050906172,0.3357798165137615
127 days 00:00:00,226.5910581616919,15.052941844094526,9.511872744303242,0.13062983490574293,0.09060886091331016,0.1406864854009491,0.33409785932721714
127 days 12:00:00,228.7025048797774,15.122913240502882,9.551856897969486,0.1307877934366552,0.09225095309290686,0.14085648074254128,0.3327217125382263
128 days 00:00:00,226.82401564694547,15.060677795071026,9.521857694411105,0.13077195251074755,0.09060886091331016,0.14057920401050228,0.33409785932721714
128 days 12:00:00,227.3101202085818,15.076807361261263,9.522623461105061,0.13023295520333752,0.09060886091331016,0.14007616767016678,0.33149847094801227
129 days 00:00:00,223.58980215737316,14.952919519524379,9.42796057328683,0.13017146221330628,0.09060886091331016,0.1398025501117394,0.3333333333333333
129 days 12:00:00,222.98085963428545,14.932543642470476,9.370103613084781,0.12926468833869462,0.09023124939951303,0.13894781808530185,0.3333333333333333
130 days 00:00:00,219.76384759385965,14.82443414076435,9.32648983903729,0.13016706548304707,0.09225095309290686,0.13972883527232138,0.3302752293577982
130 days 12:00:00,216.60231268381992,14.717415285430384,9.209138976099185,0.12879795845398326,0.09023124939951303,0.13825807088631004,0.3333333333333333
131 days 00:00:00,214.5102068190569,14.646166966788849,9.19193309143757,0.12904322172768617,0.09225095309290686,0.13825881541949459,0.33149847094801227
131 days 12:00:00,212.5198854608119,14.578061786836132,9.148814181644994,0.12820535774988837,0.09022061874057268,0.13735528638309455,0.33149847094801227
132 days 00:00:00,212.17594675243254,14.566260561737613,9.156686387736823,0.12792586803812056,0.09225095309290686,0.13705143395494176,0.3318042813455658
132 days 12:00:00,216.44461150171992,14.71205667137399,9.275367511594661,0.12844939293519045,0.09225095309290686,0.13786956956803603,0.3296636085626911
133 days 00:00:00,216.7244140885882,14.721562895582391,9.30405109857765,0.1286507162514772,0.09261541398269955,0.13820320192761343,0.32798165137614677
133 days 12:00:00,220.5888721146727,14.85223458320911,9.40678914113265,0.12953898010179263,0.09225095309290686,0.13930165273803502,0.3235474006116208
134 days 00:00:00,217.91576551958474,14.761970245180171,9.366696000891364,0.12959576111948332,0.09225095309290686,0.13918584658515673,0.32186544342507645
134 days 12:00:00,218.63749660180986,14.786395659585532,9.39449333680562,0.1296110966661695,0.09261541398269955,0.13914115304996208,0.3192660550458716
135 days 00:00:00,215.23974333308374,14.671051200683738,9.313933371681976,0.12913169371552194,0.09022061874057268,0.13835633979724338,0.31880733944954126
135 days 12:00:00,215.15442272880182,14.668143124772195,9.30924701818188,0.12851432016171854,0.09022061874057268,0.1377517386403705,0.31865443425076456
136 days 00:00:00,210.78736018869552,14.518517837186257,9.210805600697022,0.12843607815596297,0.09225095309290686,0.1374623710695946,0.3180428134556575
136 days 12:00:00,209.2484657242317,14.465423109063616,9.146387625778766,0.12765726371516464,0.09022061874057268,0.13674100012692478,0.3180428134556575
137 days 00:00:00,204.976006497344,14.316983149300135,9.067003658610961,0.12812327046674146,0.09261541398269955,0.1370154150821586,0.3119266055045872
137 days 12:00:00,201.96002115888413,14.21126388323305,8.954116877887078,0.126829937328111,0.09225095309290686,0.13566859872405151,0.3149847094801223
138 days 00:00:00,198.13908369682954,14.076188535851228,8.889213388696373,0.1268058841387446,0.09225095309290686,0.13541652329078044,0.3100917431192661
138 days 12:00:00,196.0371121899253,14.001325372618311,8.842940751886463,0.1258714200393074,0.09261541398269955,0.13435976197252814,0.308868501529052
139 days 00:00:00,195.34152566776584,13.976463274654494,8.831284924059721,0.12581920319818185,0.09261541398269955,0.13427287759007467,0.308868501529052
139 days 12:00:00,198.87573214698068,14.102330734562308,8.949454255053187,0.12649636203685408,0.09585644628737947,0.13520009622185988,0.3015290519877676
140 days 00:00:00,198.6007037677128,14.092576193432938,8.92673292742295,0.12634903148245338,0.09585644628737947,0.13510869043463755,0.30275229357798167
140 days 12:00:00,202.61925790339882,14.234439149590644,9.072885357681008,0.12761711343248033,0.09937896826354935,0.136534524798458,0.2966360856269113
141 days 00:00:00,198.67356607051815,14.095161087072334,8.993903347997431,0.12727119340136922,0.09937896826354935,0.13593668034962803,0.2996941896024465
141 days 12:00:00,201.34405523452338,14.189575583311974,9.095333684301403,0.12803720860795934,0.10618991451679767,0.13678473082393938,0.2966360856269113
142 days 00:00:00,196.3209265265687,14.011456973725776,8.979845192815525,0.12747586839732397,0.10618991451679767,0.13588512195415944,0.2981651376146789
142 days 12:00:00,195.21267618162418,13.971852997423934,8.974329163252403,0.1275402549447318,0.10618991451679767,0.13579855686790437,0.29204892966360857
143 days 00:00:00,191.0561454227794,13.82230608193797,8.865944803166773,0.1271399332452908,0.10722287036189669,0.1352250519388748,0.29128440366972475
143 days 12:00:00,189.28606606923597,13.758127273333242,8.830804205456241,0.12738373739392303,0.1072263974909674,0.13549315924074806,0.28562691131498474
144 days 00:00:00,185.78199619638045,13.630186946494184,8.738211513085954,0.1271022134807516,0.10839726798861891,0.1350878000175085,0.28440366972477066
144 days 12:00:00,180.6517384399415,13.440674776213488,8.655107532158171,0.12694156277350782,0.10839726798861891,0.13477304439655094,0.27951070336391437
145 days 00:00:00,177.63893817509245,13.328125831304732,8.58716525440218,0.1264209021090366,0.10846227091134794,0.13410901626326746,0.27889908256880735
145 days 12:00:00,178.21897979065724,13.349868156302415,8.636990075454076,0.12691637573975564,0.10852367548408694,0.13462693469984138,0.27370030581039756
146 days 00:00:00,178.00055052372414,13.34168469585922,8.635860897864132,0.12661599972609458,0.10846227091134794,0.13449245243657512,0.2759938837920489
146 days 12:00:00,182.7200672548606,13.517398686687487,8.767349118490923,0.1276222027713028,0.1086135810673584,0.1356906788736209,0.27293577981651373
147 days 00:00:00,182.9900880876676,13.52738289868619,8.795253798370853,0.12840190839296803,0.10918447093110381,0.13658372642885472,0.2709480122324159
147 days 12:00:00,182.37310501866943,13.50455867544991,8.838941302619363,0.12912916599735144,0.11079688189839053,0.13729780506971007,0.2668195718654434
148 days 00:00:00,179.54192299783668,13.39932546801654,8.766874500005072,0.12893910231036768,0.11086799854806609,0.13689308684630283,0.26727828746177373
148 days 12:00:00,179.43873955363497,13.395474592325387,8.81508784850374,0.1294336650806066,0.11092509511606592,0.13733351294740795,0.26376146788990823
149 days 00:00:00,176.5417888856025,13.286902907961753,8.727976539228074,0.1287565219157299,0.11108866004863868,0.13652097863322168,0.26422018348623855
149 days 12:00:00,174.0669730512365,13.193444320996564,8.711083694020356,0.12878442916892807,0.11236933899656452,0.13645035626922122,0.2599388379204893
150 days 00:00:00,173.1384965558578,13.158210233761194,8.698629926062747,0.12918070443870971,0.11301862776212476,0.13685806917625157,0.25504587155963304
150 days 12:00:00,170.6622160683141,13.063774954748498,8.67529454328829,0.12973672368595743,0.1171988246816958,0.13745743422678494,0.2489296636085627
151 days 00:00:00,168.73806507392965,12.989921673125272,8.645843877974336,0.1300123914976138,0.1207668089029193,0.1377430684250711,0.24281345565749238
151 days 12:00:00,164.77475045539376,12.83646175764154,8.583869565442074,0.12995151269006136,0.1207668089029193,0.13760540417334063,0.2379204892966361
152 days 00:00:00,161.67321637210216,12.715078307745578,8.530274700520614,0.12979705240192674,0.12200341106476471,0.13737386091904896,0.2348623853211009
152 days 12:00:00,163.1777668803262,12.774105326022884,8.589766073538046,0.13019926772083712,0.12248018813596212,0.13779756636687535,0.2324159021406728
153 days 00:00:00,162.8927422455964,12.762944105714652,8.57439358934431,0.13022393209672856,0.12367518419630384,0.1379357628980962,0.23363914373088687
153 days 12:00:00,168.1605441057871,12.967673041289524,8.713150760273727,0.13121220886051774,0.12381379713716865,0.13913499522365214,0.23394495412844038
154 days 00:00:00,168.3770690922508,12.976019000149885,8.724746336520623,0.13182241286361082,0.12480238441757913,0.13986315672161387,0.2348623853211009
154 days 12:00:00,169.2064654957969,13.007938556735148,8.802513934499371,0.1328041864366179,0.12560697286379674,0.14087671757195758,0.2308868501529052
155 days 00:00:00,164.78028330863188,12.836677269006644,8.72437607625481,0.1324582134326337,0.12851894612368966,0.14030062423154496,0.22996941896024467
155 days 12:00:00,162.94966484170922,12.765173905658678,8.749288068329447,0.13258537138227236,0.1303862663626525,0.1402764349600675,0.22629969418960244
156 days 00:00:00,159.2219098230005,12.618316441704911,8.69360226526289,0.13199748083389992,0.1303862663626525,0.13956250288807492,0.22752293577981653
156 days 12:00:00,155.11335467362247,12.45445119921478,8.675093253550935,0.1320741080250467,0.1303862663626525,0.13949514226804663,0.22507645259938835
157 days 00:00:00,152.87310525943133,12.364186396986716,8.637104661120565,0.1321240421489688,0.13039377508185646,0.1395429409756328,0.21941896024464833
157 days 12:00:00,152.0795679984634,12.332054492194858,8.622215908587314,0.13227158344297077,0.13039377508185646,0.13975561880171272,0.21773700305810398
158 days 00:00:00,149.8780252697883,12.242468103686786,8.575332216860234,0.1322823388477456,0.13039377508185646,0.13970818130165932,0.21253822629969418
158 days 12:00:00,145.58627857246847,12.065913913685463,8.491282603395444,0.1320208910327799,0.13039377508185646,0.13935611020214428,0.21039755351681957
159 days 00:00:00,144.72763937609605,12.030280103808725,8.476951101987899,0.1316999808691169,0.1305267869784856,0.1390335691953354,0.20642201834862386
159 days 12:00:00,146.19812985722984,12.091241865798146,8.54278077056154,0.13234370798587827,0.13082841640777512,0.13972848437824087,0.20366972477064219
160 days 00:00:00,145.77753959249088,12.07383698715909,8.536404899243461,0.13214548604925455,0.13094157709942436,0.1396949132849502,0.20081549439347607
160 days 12:00:00,153.06056540327972,12.371764845941735,8.712720976136824,0.13356140661337257,0.1313043178184212,0.14132901530670963,0.19816513761467888
161 days 00:00:00,153.68273346731212,12.396884022499853,8.760513027309575,0.1342650229866933,0.13329204309658776,0.14215926544417076,0.19367991845056065
161 days 12:00:00,160.36688730716088,12.6636048306618,8.946878969056769,0.135978266877949,0.13452254212074996,0.14408638770563317,0.1871559633027523
162 days 00:00:00,159.76520623944603,12.639826194985675,8.969448755848395,0.13649302715868394,0.13452254212074996,0.14456095967458596,0.1819571865443425
162 days 12:00:00,163.78160761410956,12.797718844157718,9.072897792521097,0.1371004309692312,0.136239256198606,0.1452884983861629,0.17920489296636086
163 days 00:00:00,162.76264276572073,12.757846321606195,9.05969401849735,0.13710142507869877,0.136239256198606,0.14529275231076297,0.17660550458715596
163 days 12:00:00,164.7383062388661,12.835042120650252,9.10961936238978,0.13740400305573658,0.13880997119847932,0.14564949569694027,0.17492354740061164
164 days 00:00:00,163.29247418891956,12.778594374535862,9.086036041662984,0.13774871756654522,0.13880997119847932,0.14607819933393312,0.17003058103975535
164 days 12:00:00,165.119302101201,12.849875567537648,9.122130704598332,0.13837257309681278,0.13880997119847932,0.1468984058009965,0.1688073394495413
165 days 00:00:00,164.50890670071803,12.826102553025141,9.12769645496443,0.13895886360356768,0.13947587215513352,0.14757764596705683,0.163914373088685
165 days 12:00:00,162.45235361863567,12.745679802138278,9.080707256743029,0.13884956983307115,0.13928263238835425,0.14744377335469283,0.16452599388379205
166 days 00:00:00,162.0044822944312,12.728098141294764,9.07033846248718,0.13850771395507233,0.13928263238835425,0.14710585109412944,0.1620795107033639
166 days 12:00:00,163.1728517228346,12.773912937030477,9.128474113332036,0.13905721911750094,0.13928263238835425,0.14764773026910824,0.15902140672782875
167 days 00:00:00,162.1666816243007,12.734468250551364,9.108224118409343,0.13885898184234446,0.13928263238835425,0.14755142021571205,0.1559633027522936
167 days 12:00:00,166.21755366361236,12.892538681873805,9.217769858921224,0.13976491159559357,0.13928263238835425,0.148601327497874,0.1529051987767584
168 days 00:00:00,166.64814257471198,12.90922703242576,9.259936948486825,0.14045033160079223,0.13947587215513352,0.14942473226174774,0.14984709480122324
168 days 12:00:00,167.15962668538262,12.929022650045232,9.296510986819651,0.140955114450945,0.14028229638020798,0.14995838842421058,0.14678899082568808
169 days 00:00:00,167.63068147940518,12.94722678720834,9.325417296824613,0.14115802584248666,0.14028229638020798,0.15013585881856653,0.1437308868501529
169 days 12:00:00,167.9867286188377,12.960969432061697,9.353253969301287,0.14121273753652666,0.14028229638020798,0.15015160152283327,0.1437308868501529
170 days 00:00:00,168.76452415615495,12.990940079769244,9.390620507430132,0.14140521431827724,0.14028229638020798,0.15037060659215148,0.1437308868501529
170 days 12:00:00,169.51604873770123,13.019832899761088,9.415386802718098,0.14169290310181357,0.14028229638020798,0.1506749367462331,0.14311926605504585
171 days 00:00:00,169.42800706170058,13.016451400504693,9.434629954387075,0.142523748872897,0.14044639689953783,0.15161370415009387,0.1400611620795107
171 days 12:00:00,169.96365378711835,13.037010922259686,9.442189868072717,0.14310534307451647,0.14071650187503976,0.15232920685104664,0.13700305810397553
172 days 00:00:00,170.30136468573562,13.049956501296686,9.468654117317342,0.14389213936332884,0.14189658077625356,0.15320271068540225,0.13394495412844035
172 days 12:00:00,168.75463929925817,12.990559622251006,9.436183566339386,0.14399872073178632,0.14189658077625356,0.15327251308979475,0.13149847094801223
173 days 00:00:00,169.4744293830143,13.01823449562245,9.476545530082571,0.14426247919123628,0.1433825272498179,0.15352139453571884,0.13149847094801223
173 days 12:00:00,170.4566088075094,13.055903216840626,9.522282421041455,0.14448171931546946,0.1433825272498179,0.1536982755800617,0.12844036697247707
174 days 00:00:00,171.73724126175654,13.104855636814797,9.566832557708477,0.14442688822508193,0.1433825272498179,0.15364852768343992,0.13149847094801223
174 days 12:00:00,174.79814004589147,13.221124764780471,9.642984592476395,0.14483350739588227,0.14349892771452508,0.1541864727873041,0.1345565749235474
175 days 00:00:00,177.21734493657283,13.312300512555026,9.750139304011432,0.14547095962018636,0.1437742386460977,0.1549384003487348,0.13149847094801223
175 days 12:00:00,178.20251500176968,13.349251477209114,9.78318730231199,0.14574874537772664,0.1437978508584376,0.15527909625840572,0.13149847094801223
176 days 00:00:00,179.76095523139026,13.407496232756893,9.873611401101844,0.14621327362074985,0.14417512819431663,0.15571785300612262,0.13149847094801223
176 days 12:00:00,179.14394586400567,13.384466588699217,9.871805321131744,0.1459952344229274,0.14417512819431663,0.15545296824544144,0.13149847094801223
177 days 00:00:00,180.5467812079166,13.436769746033331,9.94224065972386,0.14671599739202032,0.14418515423836664,0.1561855309010115,0.12767584097859327
177 days 12:00:00,182.3707330053936,13.50447085247673,9.981516119051252,0.14680023270136858,0.14619837075332415,0.15635901266319652,0.12599388379204893
178 days 00:00:00,182.2428525430654,13.499735276777297,9.991143181964391,0.14748668625644445,0.1469199970982706,0.15719835599789544,0.12538226299694188
178 days 12:00:00,182.34162705826128,13.503393168321113,9.98248660278238,0.14745105423495064,0.14882080384022012,0.15728406467664577,0.127217125382263
179 days 00:00:00,181.80197772854035,13.483396372151208,9.970747963097002,0.14740405832721576,0.14713179911662097,0.15730661202919172,0.12844036697247707
179 days 12:00:00,180.0941130245938,13.41991479200199,9.92590129495372,0.14698528667143587,0.14713179911662097,0.15685647721092172,0.13149847094801223
180 days 00:00:00,181.02308384355635,13.454481924011654,9.947080112803782,0.14641942816490772,0.1469199970982706,0.15627762081823807,0.1345565749235474
180 days 12:00:00,181.84726397377443,13.485075601337,9.966161022917515,0.14597368642926048,0.14418515423836664,0.15577348052118375,0.1400611620795107
181 days 00:00:00,182.48626714200734,13.508747800666328,9.976319318119241,0.1452129418519073,0.14418515423836664,0.15505029003578785,0.14678899082568808
181 days 12:00:00,184.61361956605288,13.58725945752317,10.033792667747607,0.14526568446044216,0.14417512819431663,0.1551322388498847,0.14831804281345565
182 days 00:00:00,183.69138834911703,13.553279615986568,10.022854522311405,0.14509662313858412,0.1437978508584376,0.15500876918776585,0.14984709480122324
182 days 12:00:00,184.5313093647174,13.584230171957387,10.07519057730971,0.14546026275341883,0.14349892771452508,0.15540445564312044,0.14740061162079512
183 days 00:00:00,184.6172998592357,13.587394888617748,10.077226848714643,0.1450218914951868,0.14314237895109333,0.1548499379872,0.14984709480122324
183 days 12:00:00,186.3742724828495,13.651896296223814,10.136051741182344,0.14506615999124853,0.14189658077625356,0.15496241103676522,0.15045871559633028
184 days 00:00:00,186.1539225282759,13.643823603677816,10.143818130011667,0.14495146269250245,0.14185862591534723,0.15480828946121095,0.1529051987767584
184 days 12:00:00,188.31071199846141,13.722635023874293,10.196743131027416,0.14499367610094843,0.14189658077625356,0.15500386251611212,0.15535168195718654
185 days 00:00:00,186.64885226917593,13.66194906553146,10.168130080446582,0.14544617200313043,0.14185862591534723,0.1555932276642222,0.15902140672782875
185 days 12:00:00,188.3594912757068,13.724412237895901,10.18441623816353,0.1452534022443047,0.14185862591534723,0.1555844403667966,0.1651376146788991
186 days 00:00:00,187.46827103426236,13.691905310593642,10.166681934641957,0.14529443032678865,0.14185862591534723,0.15564890793382302,0.1712538226299694
186 days 12:00:00,186.93445432840204,13.672397534024602,10.138796258014322,0.1446880189655193,0.14314237895109333,0.15505883978899204,0.17737003058103976
187 days 00:00:00,189.1642774274888,13.753700499410652,10.19476467092315,0.14456161922695535,0.14185862591534723,0.1548234859498635,0.1834862385321101
187 days 12:00:00,189.84279382946363,13.778345104890631,10.203004066888735,0.1439359682520865,0.14185862591534723,0.1541513036236124,0.18776758409785932
188 days 00:00:00,190.18526266012915,13.790767297729635,10.195218749564866,0.14327235624852064,0.14028229638020798,0.15350996717467885,0.19342507645259938
188 days 12:00:00,193.932727989589,13.92597314336018,10.302424279052792,0.14360145441697325,0.1399156882133113,0.15392329678946304,0.19204892966360856
189 days 00:00:00,195.07370313646672,13.96687879006855,10.347947855456047,0.14396593146479994,0.13944687668988243,0.15434662891132248,0.19342507645259938
189 days 12:00:00,198.56904139310427,14.091452777946788,10.465499077948587,0.14473332622465213,0.14028229638020798,0.1551862045143548,0.18899082568807338
190 days 00:00:00,201.1001034283707,14.180976815028318,10.527005838473642,0.14513230978951022,0.14028229638020798,0.15532530188221982,0.18960244648318042
190 days 12:00:00,205.50329206938355,14.335386010477135,10.646113938692043,0.14567975706445135,0.1399156882133113,0.15600257661125294,0.18899082568807338
191 days 00:00:00,206.59766990275136,14.373505832007421,10.679887793229664,0.14610136338745774,0.14028229638020798,0.1562594049773108,0.1926605504587156
191 days 12:00:00,210.30290091509815,14.501824054755945,10.760263070608305,0.14640289381666,0.1399156882133113,0.15673822849652227,0.19388379204892967
192 days 00:00:00,208.24555125666657,14.430715549017885,10.714603572182494,0.14697564792972248,0.14028229638020798,0.15737789929757579,0.1963302752293578
192 days 12:00:00,210.94884046482863,14.524077955754322,10.744911881098819,0.14690763221215059,0.1399156882133113,0.15746214735890152,0.19877675840978593
193 days 00:00:00,209.61492603463594,14.478084335803405,10.727238384606581,0.1471924714730955,0.1399156882133113,0.15769086923706135,0.20244648318042816
193 days 12:00:00,209.1675067648393,14.462624477073284,10.703780203206131,0.1465070448858377,0.13944687668988243,0.1570214788035035,0.20795107033639143
194 days 00:00:00,213.00650910197817,14.59474251578212,10.798629981546929,0.14691382072096618,0.1399156882133113,0.15720895840578764,0.21100917431192662
194 days 12:00:00,213.64633031373677,14.616645658759632,10.793792589415173,0.14615445967121068,0.13944687668988243,0.15640767002102943,0.21712538226299694
195 days 00:00:00,214.86258189709451,14.658191631203847,10.799146956170437,0.14566644725297834,0.1387679708691013,0.15587655111637624,0.22324159021406728
195 days 12:00:00,219.81627266114396,14.826202233247189,10.911833652259872,0.14608095582275715,0.1387679708691013,0.15639089806724477,0.22385321100917432
196 days 00:00:00,218.9907505077719,14.798336072267446,10.904374763524809,0.14605646346634274,0.1387679708691013,0.1562676303162238,0.22629969418960244
196 days 12:00:00,223.5553151126084,14.951766287385862,11.019543989035416,0.14692866814004726,0.13944687668988243,0.15727331841303935,0.22324159021406728
197 days 00:00:00,224.25446706352702,14.97512828203909,11.016964578478404,0.1469183158796194,0.13944687668988243,0.1568686829562273,0.22935779816513763
197 days 12:00:00,227.7818320974295,15.092442880376572,11.101081114615255,0.14726713778446499,0.1387679708691013,0.15735088399697356,0.22935779816513763
198 days 00:00:00,228.96068799363013,15.131446989420084,11.109652236481478,0.14771392744172865,0.1387679708691013,0.15750944311090861,0.23547400611620795
198 days 12:00:00,230.21651868163593,15.172887618434268,11.131415931328828,0.14771041632547205,0.1387679708691013,0.1575896303944042,0.23730886850152905
199 days 00:00:00,228.70933588367092,15.123139088286893,11.112804710875553,0.14847266775818874,0.13944687668988243,0.15831836808342223,0.2415902140672783
199 days 12:00:00,230.26463237746123,15.17447305106379,11.140767643286665,0.148599430360088,0.1387679708691013,0.15848430761118298,0.24342507645259936
200 days 00:00:00,229.93770225982485,15.163696853334441,11.149223278925186,0.14917318194306106,0.1399156882133113,0.15894209363093606,0.24770642201834864
200 days 12:00:00,229.85991690211907,15.161131781701492,11.137917721439642,0.14888153878552454,0.13944687668988243,0.15867444925027727,0.25076452599388377
201 days 00:00:00,234.65597640067617,15.318484794544014,11.255394543432446,0.14991556960701327,0.1399156882133113,0.1594127579680205,0.25382262996941896
201 days 12:00:00,234.61381439042262,15.317108551891334,11.256303340592844,0.14986465093594017,0.14044418217116805,0.15930167794954223,0.25382262996941896
202 days 00:00:00,238.34218688467053,15.438334977732234,11.304278131592012,0.14991171222362498,0.14107003985241123,0.15926713624558483,0.26299694189602446
202 days 12:00:00,241.02679655266513,15.52503773111889,11.363447769853867,0.14978078285455643,0.14044418217116805,0.15921973143847912,0.26605504587155965
203 days 00:00:00,242.62194649482112,15.57632647625303,11.370784820405895,0.1497034843891975,0.14044418217116805,0.15897191664524016,0.27217125382262997
203 days 12:00:00,244.78809753011475,15.645705402126001,11.431375627055877,0.1501509549859696,0.14107003985241123,0.15952857179636146,0.27033639143730887
204 days 00:00:00,247.9129017218897,15.745250132083951,11.484640290092502,0.15019478690134458,0.14044418217116805,0.15946675913864145,0.27522935779816515
204 days 12:00:00,249.2235268499121,15.786814968508121,11.522925160417987,0.1506996506936271,0.14185862591534723,0.16003603899980162,0.27522935779816515
205 days 00:00:00,254.12767303968485,15.941382406795366,11.661989107805962,0.15214423677403602,0.1433825272498179,0.16137086438042242,0.2782874617737003
205 days 12:00:00,250.65364506125985,15.83204487933444,11.57084687582401,0.15159812585274254,0.1448704407087113,0.16068440406434892,0.28134556574923547
206 days 00:00:00,252.15140859332539,15.87927607270953,11.607149901607874,0.1524989700263166,0.1448704407087113,0.16156777302539754,0.28195718654434254
206 days 12:00:00,252.3877259735839,15.88671539285525,11.57881295455704,0.1524208221926765,0.14583447256047694,0.1615458145011949,0.28440366972477066
207 days 00:00:00,252.96060722649554,15.904735371155835,11.60345091745017,0.15358009988517354,0.14619837075332415,0.16270266152703414,0.2874617737003058
207 days 12:00:00,252.33201560504716,15.88496193275411,11.571702792934833,0.15330507797474852,0.14583447256047694,0.16243593093774844,0.290519877675841
208 days 00:00:00,250.4491754764049,15.825586102144998,11.528381794300465,0.15364056789992378,0.14583447256047694,0.16245136616254396,0.2966360856269113
208 days 12:00:00,249.8144940002844,15.80552099743265,11.491052027471618,0.15254193094217422,0.1448704407087113,0.16124412744409827,0.2996941896024465
209 days 00:00:00,252.71028004646885,15.896863843112856,11.547038350625021,0.15238608622572958,0.1433825272498179,0.16099481495086304,0.3058103975535168
209 days 12:00:00,255.95359302449725,15.9985497162867,11.598993936951068,0.15215282696336704,0.14372769869517948,0.1609203977850578,0.3119266055045872
210 days 00:00:00,260.50472372123147,16.14015872664304,11.715262927605908,0.1528925384094263,0.14583447256047694,0.1618652030741508,0.3149847094801223
210 days 12:00:00,264.71284462505497,16.26999829824991,11.8093857611079,0.15362776785169144,0.1486401083704223,0.16290867603593978,0.31314984709480126
211 days 00:00:00,266.8691222540128,16.33612935349169,11.877023066291677,0.15458405932926292,0.14619837075332415,0.16365316867245475,0.31269113149847094
211 days 12:00:00,269.8531727342239,16.427208306167664,11.936180185531398,0.15497009994472025,0.1486401083704223,0.16415924865755924,0.3100917431192661
212 days 00:00:00,272.40081146641967,16.504569411724127,11.991417230505029,0.1556572451477846,0.1486401083704223,0.16454433683928196,0.3119266055045872
212 days 12:00:00,275.6146012880989,16.601644535650646,12.050168510621688,0.15621058961686418,0.1486401083704223,0.16524044735088314,0.3100917431192661
213 days 00:00:00,275.00337051283367,16.58322557625125,12.030633920068215,0.15720236511780225,0.1488622528631645,0.16621571671154645,0.3149847094801223
213 days 12:00:00,278.1952483522631,16.679186081828547,12.066756130847848,0.15756951398087318,0.1488622528631645,0.16689611018830067,0.3155963302752294
214 days 00:00:00,277.45887170051594,16.657096736842107,12.041434831556447,0.158557154972661,0.14950135997128508,0.16794273415948172,0.31865443425076456
214 days 12:00:00,276.6369414521183,16.632406363846403,12.012334843590548,0.15855664373597128,0.15098795203119356,0.16792331092897714,0.3192660550458716
215 days 00:00:00,279.3187074509775,16.712830623535247,12.06341590344453,0.1589992208660084,0.15098795203119356,0.16808279350826769,0.32232415902140676
215 days 12:00:00,278.10761475843253,16.676558840433255,12.02400255811999,0.15862596266118914,0.15098795203119356,0.16753909139999734,0.3229357798165137
216 days 00:00:00,280.90036943986865,16.760082620317498,12.082608176108446,0.1584773649434172,0.15098795203119356,0.16725643058856465,0.3287461773700306
216 days 12:00:00,284.98990430715725,16.881644004869823,12.14567166286456,0.1587041007506611,0.15098795203119356,0.16765827033406736,0.33211009174311923
217 days 00:00:00,290.0439632519649,17.030677122532882,12.276973545203655,0.15991125749315155,0.15237593475406302,0.16908000192242778,0.3333333333333333
217 days 12:00:00,294.9176654736937,17.1731670193268,12.39410402247194,0.16125358621176794,0.1532093612793473,0.17076124895059414,0.3296636085626911
218 days 00:00:00,301.2037547366249,17.355222693374607,12.53926677032783,0.16280078724124594,0.1552193989851495,0.17226736402159926,0.3287461773700306
218 days 12:00:00,304.40931321299655,17.44732968717553,12.61132158660933,0.16362075324998973,0.15653815125416384,0.17318483661348053,0.32782874617737
219 days 00:00:00,312.0016982076981,17.663569803629677,12.750211382710518,0.16474159855045,0.15653815125416384,0.17411622628683035,0.3302752293577982
219 days 12:00:00,314.4325405476924,17.732245784098875,12.785583166704521,0.16516517005917739,0.15725728189769186,0.1746532378847674,0.3296636085626911
220 days 00:00:00,313.27851277510786,17.69967549914709,12.753240581006411,0.16584924678941435,0.15895579507138013,0.1753772944174797,0.33103975535168195
220 days 12:00:00,315.5603536661959,17.7640185111983,12.787210860808065,0.16681550051517083,0.16076891153463785,0.17656067551448243,0.3284403669724771
221 days 00:00:00,314.1967467040258,17.725595806743023,12.752404395690363,0.1676620458055496,0.16076891153463785,0.1774548271513197,0.3284403669724771
221 days 12:00:00,313.2377895042203,17.69852506578501,12.729855382116487,0.16789641099393562,0.16092094544806215,0.17767412813950376,0.326605504587156
222 days 00:00:00,318.5701712395577,17.848534148202695,12.800983033474797,0.16852976754222818,0.16092094544806215,0.17782222688672034,0.326605504587156
222 days 12:00:00,316.1753593875893,17.7813205186676,12.7306258293011,0.16804258769935085,0.16123807313312338,0.1771379472253518,0.32782874617737
223 days 00:00:00,322.65887443438334,17.962707881452154,12.813312802992787,0.1680542076878868,0.16092094544806215,0.17681600926000843,0.3302752293577982
223 days 12:00:00,325.82915544594283,18.050738362902024,12.86138394660993,0.16823484779710168,0.16123807313312338,0.17720009598076214,0.3308868501529052
224 days 00:00:00,334.07032204947393,18.277590706914136,13.017836314395268,0.16961334677728462,0.16211187068701938,0.17872321035695674,0.3302752293577982
224 days 12:00:00,340.0874060268257,18.441458890956152,13.16500056980015,0.17126229532431592,0.17688596963909425,0.18079903656800841,0.326605504587156
225 days 00:00:00,349.5207811712257,18.695474884881254,13.329486700471737,0.17298754931698565,0.17799573575298017,0.18236973124630587,0.3256880733944954
225 days 12:00:00,352.51688699933914,18.775433070886518,13.38354523749345,0.17370127093386598,0.18922321881424486,0.18321006027448988,0.3247706422018349
226 days 00:00:00,358.84632670906217,18.943239604382935,13.451411717221394,0.1741676062717507,0.19125667339180633,0.1834085238059734,0.327217125382263
226 days 12:00:00,359.86538438674563,18.970118196435827,13.42551940554169,0.1739019422817831,0.19125667339180633,0.183366588360785,0.33149847094801227
227 days 00:00:00,356.7722125457161,18.888414770586653,13.337872821705957,0.17399114006663166,0.1944245642642596,0.18358876309123742,0.33409785932721714
227 days 12:00:00,358.2816590873972,18.92832953769025,13.342433170115427,0.17475787119865055,0.19527991542601805,0.18469465963284032,0.33149847094801227
228 days 00:00:00,356.4964046867203,18.881112379484435,13.287657108594406,0.1753229561838277,0.19667606761072828,0.18536689162428957,0.33149847094801227
228 days 12:00:00,355.54048659703165,18.855781251304112,13.265095337241267,0.17571702845867776,0.19667606761072828,0.1857456712077221,0.3296636085626911
229 days 00:00:00,353.21666999095424,18.79405943352724,13.20338421318647,0.1754776159622327,0.19667606761072828,0.1853239853287655,0.33211009174311923
229 days 12:00:00,350.5305588221044,18.722461345189217,13.141783352699301,0.17547197931274616,0.19667606761072828,0.18508354981664582,0.3351681957186544
230 days 00:00:00,356.017770435612,18.868433173838575,13.201815363208652,0.1751831159160106,0.19667606761072828,0.18451127744934015,0.3379204892966361
230 days 12:00:00,360.83996145116134,18.99578799237245,13.280646583668558,0.17560049096787902,0.19667606761072828,0.1851934093393557,0.3382262996941896
231 days 00:00:00,368.78809313083747,19.203856204701115,13.411742733619134,0.17666163916978533,0.1973648502338188,0.18654377225246643,0.3379204892966361
231 days 12:00:00,375.89213254112286,19.387937810430557,13.562286980074566,0.17845400440389042,0.20520333291640444,0.18886117382963208,0.3345565749235474
232 days 00:00:00,383.48000352281167,19.582645467934398,13.700993624738814,0.17980435245733153,0.20577014751017517,0.1902360680798555,0.33256880733944955
232 days 12:00:00,386.80812173842907,19.667438108163175,13.767835145870817,0.18106321430234706,0.20781926419970034,0.19156286898196834,0.33211009174311923
233 days 00:00:00,390.0915638094175,19.750735778937894,13.812953044978993,0.18142608105739366,0.20781926419970034,0.1917852476846764,0.3333333333333333
233 days 12:00:00,395.80455359424514,19.894837360336606,13.905034934989738,0.18193670641257167,0.20781926419970034,0.1924788480333644,0.3333333333333333
234 days 00:00:00,392.8324126289076,19.820000318589997,13.816560640459125,0.18168996043007055,0.20853970858028792,0.1924744384205021,0.3357798165137615
234 days 12:00:00,390.25077518884234,19.75476588544755,13.763122192592483,0.18180758234049182,0.20853970858028792,0.19265633706788832,0.3363914373088685
235 days 00:00:00,387.3808073078516,19.681991954775604,13.67508380736602,0.1818202576296889,0.21075744918089545,0.1928080133120648,0.3400611620795107
235 days 12:00:00,383.5770908224943,19.585124222799667,13.601455357011739,0.18223499884789424,0.21099300641896718,0.1934212199584928,0.3388379204892966
236 days 00:00:00,385.68348920995993,19.638826064965286,13.609740498754409,0.18250882980717636,0.21099300641896718,0.19335826324762634,0.34128440366972473
236 days 12:00:00,383.84819550732055,19.592044189091666,13.542001642363395,0.1818481639725073,0.21099300641896718,0.1925878989938516,0.3425076452599388
237 days 00:00:00,386.94983921895,19.671040623692228,13.546714191642426,0.1814587677555991,0.21075744918089545,0.19184358690050032,0.3486238532110092
237 days 12:00:00,393.25926194179806,19.830765540992058,13.614951017571991,0.18114169407683867,0.21075744918089545,0.1918204826153403,0.3498470948012233
238 days 00:00:00,401.97168283929574,20.049231477522916,13.768936709458304,0.1818834721910772,0.21099300641896718,0.1926823214516435,0.35045871559633024
238 days 12:00:00,407.5623025884234,20.188172343935033,13.869483138939628,0.18255269379472175,0.21099300641896718,0.1940708478145071,0.3486238532110092
239 days 00:00:00,417.21270200869344,20.425785223797234,14.045546025082405,0.18386520562551092,0.21440334601411185,0.19548718147464872,0.3510703363914373
239 days 12:00:00,422.6603208453958,20.558704259884568,14.164277014088489,0.1853021866525331,0.21447959415568582,0.1972586349620784,0.34760448521916415
240 days 00:00:00,428.1178295194368,20.69100842200391,14.258948586918587,0.18631218716980377,0.21447959415568582,0.19828587905781167,0.3470948012232416
240 days 12:00:00,433.01015849337944,20.808896138271713,14.325014615705431,0.1864287667772063,0.21447959415568582,0.1985897844838815,0.3486238532110092
241 days 00:00:00,431.4089653317609,20.770386740062424,14.267708477727,0.18649846542784712,0.21440334601411185,0.1987281349633284,0.3516819571865443
241 days 12:00:00,429.23503127541846,20.717988108776836,14.219737644716584,0.18671366457810948,0.21440334601411185,0.19895225387005247,0.3516819571865443
242 days 12:00:00,426.18334168796883,20.64420842967753,14.131552181486095,0.18705088358752905,0.21519413212377575,0.19930914330907654,0.3532110091743119
243 days 00:00:00,422.9344254385383,20.565369567273482,14.019721216354968,0.18648326138077162,0.21440334601411185,0.19874906489751992,0.3562691131498471
243 days 12:00:00,421.41696914857886,20.528442930446012,13.965134980667013,0.18650318494516807,0.21440334601411185,0.1987091529114412,0.35932721712538224
244 days 00:00:00,424.8584365483517,20.612094424108182,13.99435265735753,0.18634666584977042,0.21440334601411185,0.19839308590307195,0.3623853211009174
244 days 12:00:00,428.03182388855396,20.688929984137747,14.01930200514696,0.18592019622582504,0.21440334601411185,0.19818940011158245,0.3654434250764526
245 days 00:00:00,436.9753288852531,20.90395486230424,14.17693208266361,0.1863266492424177,0.21139807191406745,0.1987461283480349,0.367737003058104
245 days 12:00:00,444.79918299432285,21.090262753088755,14.33744722345759,0.1872159605665404,0.21447959415568582,0.2002974586693689,0.3654434250764526
246 days 00:00:00,454.59095278524137,21.32113863716573,14.561457287364892,0.18881135185533007,0.21593772759879798,0.20208879923919565,0.363914373088685
246 days 12:00:00,459.0241448206283,21.42484877007603,14.68321146035898,0.19037341064780602,0.2160197187969461,0.20388791145989396,0.36085626911314983
247 days 00:00:00,464.6044378157931,21.554684822928706,14.805382069759062,0.19142923996968797,0.21985808300548007,0.20488886221280186,0.3602446483180428
247 days 12:00:00,467.7024585399761,21.62642962996842,14.840606377293227,0.19194758278979285,0.21985808300548007,0.20546708919283957,0.363914373088685
248 days 00:00:00,466.91156173966436,21.60813647077564,14.80147526288174,0.19187850788303715,0.21854216158654904,0.20556237466791283,0.3657492354740061
248 days 12:00:00,470.3265717592635,21.687013896783103,14.84132247079162,0.19301241025925858,0.2209904536903898,0.20714312896619363,0.3669724770642202
249 days 00:00:00,468.85161122385836,21.652981578153582,14.770787000482802,0.1930800496713915,0.21985808300548007,0.20749191699654232,0.3712538226299694
249 days 12:00:00,466.59898020207373,21.600902300646464,14.7201112496981,0.1937976417943169,0.2209904536903898,0.20843126010905758,0.37186544342507644
250 days 00:00:00,468.29206260847025,21.64005689938153,14.718946902398205,0.1937334249464895,0.22054697721721508,0.2080482005259916,0.37370030581039754
250 days 12:00:00,465.68112731386543,21.579646135047383,14.641557869188137,0.19329674952045875,0.21985808300548007,0.2074769404804449,0.3753822629969419
251 days 00:00:00,466.3417794436597,21.594948007431267,14.626455172538659,0.19246162970270395,0.21854216158654904,0.20629044063505977,0.3798165137614679
251 days 12:00:00,470.2789878876952,21.685916809941315,14.67184828957331,0.192205695383225,0.21854216158654904,0.20627449156457126,0.38149847094801226
252 days 00:00:00,478.9215804313847,21.884277014134707,14.843862671637185,0.19313276306648997,0.21854216158654904,0.2074927973474239,0.3798165137614679
252 days 12:00:00,484.83607626203354,22.018993534265675,14.972290307545125,0.1943833766242317,0.22002963924673283,0.2094673054290008,0.37844036697247707
253 days 00:00:00,494.373795743196,22.234518113581775,15.190125841908912,0.19599955893412588,0.22002963924673283,0.21131875953463142,0.37553516819571864
253 days 12:00:00,500.33973358227,22.368275158855454,15.338445283435105,0.19778276586979665,0.22122000202666522,0.21337512570220207,0.37155963302752293
254 days 00:00:00,505.0202444436724,22.4726554826899,15.45733691507029,0.19860730369818205,0.22130244319194012,0.2141452848786696,0.3675840978593272
254 days 12:00:00,508.4306284129689,22.54840633865216,15.531913705415496,0.19952398179705963,0.22130244319194012,0.21518054433724612,0.3662079510703364
255 days 00:00:00,506.5326742341539,22.506280773023203,15.488645093949335,0.19947733151570893,0.22130244319194012,0.21521514921240276,0.36452599388379203
255 days 12:00:00,508.4688263091199,22.54925334260804,15.523632651384542,0.20007947084134506,0.2214873367952392,0.21609519714725167,0.36314984709480125
256 days 00:00:00,505.89794094194815,22.492175104732492,15.450974364402551,0.20016480025101896,0.22122000202666522,0.21638385548865005,0.36452599388379203
256 days 12:00:00,501.74219778954034,22.399602625706116,15.376570165162416,0.2007494430347439,0.22134414297810825,0.2172576445764696,0.36330275229357795
257 days 00:00:00,502.564672058073,22.417954234453976,15.372092659056172,0.2009555645654395,0.2214873367952392,0.21712347903269572,0.3657492354740061
257 days 12:00:00,501.06576977908765,22.384498425899288,15.32977832318907,0.20116256756019957,0.22163167853513355,0.2172902474729794,0.3651376146788991
258 days 00:00:00,500.7517164890521,22.377482353675358,15.295556955761612,0.2002478098813756,0.2214873367952392,0.216081857163129,0.3706422018348624
258 days 12:00:00,498.6321549228091,22.330072882165187,15.242192240193447,0.19968012444644906,0.2214120935851645,0.21553986726745392,0.3706422018348624
259 days 00:00:00,506.32526544700727,22.50167250332755,15.397469077690486,0.20021964765532693,0.2215796372143189,0.21626960628618336,0.36850152905198774
259 days 12:00:00,510.2263434281571,22.588190353106135,15.498411970489853,0.2008380942644642,0.2215796372143189,0.21724588342590292,0.3657492354740061
260 days 00:00:00,512.7868303672575,22.64479698224865,15.600152419704678,0.2012877761974904,0.22163167853513355,0.21812784072544036,0.3654434250764526
260 days 12:00:00,522.6300203946944,22.861102781683442,15.837751256019565,0.20276171867459516,0.22280798748605876,0.22010022652402683,0.36085626911314983
261 days 00:00:00,524.5540721977796,22.903145465149098,15.945134938874316,0.20359029536283912,0.2231087190267921,0.22128642507246885,0.3547400611620795
261 days 12:00:00,529.9916353772807,23.02154719772936,16.08383058453369,0.20485387220927595,0.22453034207394357,0.22267207403040173,0.35045871559633024
262 days 00:00:00,524.9180713112529,22.91109057446312,16.007812368464762,0.2045795072454387,0.2231087190267921,0.22250347056520095,0.34785932721712537
262 days 12:00:00,526.5448460134057,22.946565015561823,16.025778931026355,0.20542456476007642,0.22453034207394357,0.2236723534716933,0.346177370030581
263 days 00:00:00,519.9042066583341,22.801407997278023,15.90453286763192,0.20503997524699788,0.22280798748605876,0.2235081261197301,0.3470948012232416
263 days 12:00:00,514.6819966254637,22.686603902423645,15.82233621768774,0.20553422861956683,0.2231087190267921,0.22421737629294144,0.346177370030581
264 days 00:00:00,509.32576792693516,22.568246895293733,15.731582419775341,0.2050480843825226,0.22280798748605876,0.22355385530500946,0.346177370030581
264 days 12:00:00,505.40654394848013,22.481248718620595,15.6720491436381,0.2051269815244663,0.2231087190267921,0.22349062973001876,0.3443425076452599
265 days 00:00:00,506.064303710755,22.495873037309643,15.673621193305145,0.2044785767904577,0.22185513866200027,0.22255887352149004,0.34495412844036694
265 days 12:00:00,511.8191279176145,22.623419898804304,15.74862583909794,0.2044814968581623,0.22163167853513355,0.2227635824497799,0.345565749235474
266 days 00:00:00,516.7546550323902,22.73223823191175,15.864197188197029,0.2049065831834312,0.22163167853513355,0.22329892310317487,0.345565749235474
266 days 12:00:00,529.1908622615038,23.004148805411248,16.103241703663034,0.2062177132830814,0.22163167853513355,0.22522843791103878,0.3425076452599388
267 days 00:00:00,537.0089917333393,23.173454462667824,16.298481909429366,0.20720268662856342,0.22163167853513355,0.22645564304024313,0.3409785932721712
267 days 12:00:00,549.2192619440805,23.43542749650794,16.564992212044547,0.20899067381827618,0.22185513866200027,0.22875767092078908,0.3345565749235474
268 days 00:00:00,549.5107749769082,23.44164616610592,16.641664928781136,0.20957739408394824,0.22185513866200027,0.22955660573788733,0.3318042813455658
268 days 12:00:00,552.0189375213314,23.495083262702675,16.725500145699577,0.2104355731117969,0.22280798748605876,0.23053003950698128,0.32782874617737
269 days 00:00:00,546.2878317382552,23.372801110227574,16.63520971554611,0.2098798150034666,0.2214120935851645,0.22993380845632733,0.3287461773700306
269 days 12:00:00,545.2651159685718,23.35091252967583,16.63840880821717,0.21069445708749668,0.2215796372143189,0.2311070475925658,0.326605504587156
270 days 00:00:00,542.5184876395381,23.292026267363216,16.5555806275008,0.2104325031552022,0.22134414297810825,0.2311482731714436,0.32492354740061163
270 days 12:00:00,537.0419160100449,23.17416483953726,16.462013494158597,0.21066067832096416,0.22130244319194012,0.231675745296667,0.3235474006116208
271 days 00:00:00,527.6117342362812,22.96980048316226,16.300239315365026,0.20981840708122168,0.22101540041638423,0.2304258803046959,0.3247706422018349
271 days 12:00:00,524.7631501438392,22.90770940412505,16.237597009317483,0.20950161473509665,0.2203961094560858,0.2300889874328327,0.32619775739041795
272 days 00:00:00,524.6372722602594,22.904961738895338,16.22362140155535,0.20863034800971958,0.22002963924673283,0.22907869543223847,0.3296636085626911
272 days 12:00:00,529.6795620174348,23.014768345943324,16.30513575960491,0.20883902595655537,0.22002963924673283,0.2295600909868514,0.3318042813455658
273 days 00:00:00,535.8947570626358,23.14940079273405,16.42353232254405,0.20932215632133283,0.21842272914805216,0.23063777705804112,0.3296636085626911
273 days 12:00:00,543.231503242265,23.30732724364304,16.590783496704866,0.2108282503370178,0.21854216158654904,0.23296262218497224,0.327217125382263
274 days 00:00:00,550.4739596764305,23.46218147735693,16.77212009281115,0.21243612399313325,0.21854216158654904,0.23501591524008902,0.3217125382262997
274 days 12:00:00,553.3060442296668,23.52245829478005,16.882239351882436,0.21342352908605963,0.22002963924673283,0.23632198594909679,0.3149847094801223
275 days 00:00:00,554.3028055256066,23.543636200162595,16.925835656815188,0.21357168976824342,0.2203961094560858,0.2364538492269217,0.3143730886850153
275 days 12:00:00,553.8956433121102,23.534987642064106,16.927530801331415,0.21341490473601585,0.21854216158654904,0.23624160181742,0.30963302752293576
276 days 00:00:00,552.7759708593303,23.51118820602928,16.87948785921692,0.21335807078429386,0.21854216158654904,0.23649303055412785,0.3100917431192661
276 days 12:00:00,552.2380027221453,23.499744737382688,16.872479825126668,0.21395540933919827,0.21854216158654904,0.23748519704807544,0.308868501529052
277 days 00:00:00,550.8975144848235,23.4712060722244,16.825779240500776,0.21462838447690005,0.22002963924673283,0.23866813572840415,0.3058103975535168
277 days 12:00:00,545.2492854101974,23.350573556343267,16.762511390920498,0.21562830131357327,0.2203961094560858,0.23977453447823754,0.30030581039755355
278 days 00:00:00,544.4165134617773,23.33273480459968,16.756177373184162,0.2155647770126933,0.22054697721721508,0.23947764051965653,0.29765545361875634
278 days 12:00:00,542.5697422260212,23.293126501739117,16.715646608684096,0.21491301463283313,0.22002963924673283,0.23887408124890472,0.29434250764525993
279 days 00:00:00,544.4084288340321,23.3325615574894,16.760387024095657,0.21451145701513843,0.22002963924673283,0.23855625721215684,0.29357798165137616
279 days 12:00:00,552.2805112808577,23.500649167222118,16.909838326333833,0.21540604406068475,0.22002963924673283,0.23999275283309696,0.290519877675841
280 days 00:00:00,556.0694573104139,23.581125022153074,16.99678417051293,0.21641212409026764,0.22002963924673283,0.2416622847742862,0.28593272171253825
280 days 12:00:00,559.9776353658131,23.663846588536977,17.10502727632638,0.21785193592551477,0.2203961094560858,0.24358986234236643,0.28318042813455657
281 days 00:00:00,560.317364350836,23.671023728407608,17.11410157286322,0.21810706857032416,0.22054697721721508,0.24388314725872917,0.2805810397553517
281 days 12:00:00,562.1122201777309,23.708905925363382,17.157476834628763,0.2181588384163716,0.2203961094560858,0.24391777777915005,0.27767584097859327
282 days 00:00:00,563.6418982380455,23.74114357477427,17.144204135225774,0.21756623166400502,0.22002963924673283,0.24354605398627643,0.2805810397553517
282 days 12:00:00,564.4091258531615,23.757296265635144,17.147299970941475,0.21733088696654593,0.2190948368179025,0.2435064045524886,0.27889908256880735
283 days 00:00:00,565.6639264601281,23.78369034569968,17.121532166307716,0.21748558869674026,0.2190948368179025,0.24396861551637977,0.27889908256880735
283 days 12:00:00,568.7474063899367,23.848425658519616,17.19125548674923,0.21872637479762055,0.2190948368179025,0.24561020436631056,0.2770642201834862
284 days 00:00:00,572.6981244809771,23.931112061101068,17.220772234984096,0.21933726594400582,0.2203961094560858,0.24642753353641347,0.2770642201834862
284 days 12:00:00,569.2113926095573,23.858151491881287,17.17391841945605,0.21949103315345556,0.22002963924673283,0.24670641166061125,0.2770642201834862
285 days 00:00:00,566.3139019505835,23.797350733864967,17.143179478504855,0.21906264950592114,0.2203961094560858,0.24599540038895573,0.27446483180428133
285 days 12:00:00,563.8845878847957,23.74625418639318,17.100327973725523,0.21847701055714008,0.22002963924673283,0.2454415996528983,0.27400611620795107
286 days 00:00:00,560.6818807399463,23.678722109521583,17.066061570086756,0.2180433848743916,0.2190948368179025,0.24526406199697817,0.27370030581039756
286 days 12:00:00,560.9020007831557,23.68336970921063,17.08309043199341,0.21812603464874655,0.2190948368179025,0.24560218745400017,0.27217125382262997
287 days 00:00:00,567.0213442325854,23.812209982120212,17.2008984831357,0.21953529006751288,0.2203961094560858,0.24775235407804244,0.26605504587155965
287 days 12:00:00,569.6763464165349,23.867893631750057,17.283206481629623,0.22044640185180536,0.2203961094560858,0.24889252955621805,0.26146788990825687
288 days 00:00:00,571.7676978215305,23.911664472000492,17.299641630266667,0.2206872171881464,0.22130244319194012,0.24930069560007206,0.26055045871559634
288 days 12:00:00,574.1087037791159,23.960565598063745,17.371766146730177,0.22082793590367167,0.22101540041638423,0.2495050427699048,0.25840978593272174
289 days 00:00:00,575.9267911699326,23.998474767574972,17.35325852378553,0.22013262381617443,0.22101540041638423,0.24877170010527797,0.26116207951070336
289 days 12:00:00,575.8407385039918,23.996681822785245,17.37228111308054,0.22012636382520318,0.2203961094560858,0.2489115580134334,0.25840978593272174
290 days 00:00:00,576.6430242103905,24.013392601013095,17.30279938809568,0.21973852508416522,0.2203961094560858,0.24880834842927202,0.26116207951070336
290 days 12:00:00,576.298716226415,24.006222448074062,17.293151772562574,0.21981881686604982,0.2190948368179025,0.24903113915412767,0.26146788990825687
291 days 00:00:00,582.9660684876976,24.144690275248877,17.323792812758207,0.22037849382761426,0.2203961094560858,0.24994644364900104,0.26116207951070336
291 days 12:00:00,579.3302158708094,24.06927950460523,17.268420659006917,0.22078197634125624,0.2203961094560858,0.25049088299090333,0.26146788990825687
292 days 00:00:00,575.4217402253101,23.987949896256456,17.21355596872444,0.22040044600158845,0.2203961094560858,0.2497278494704183,0.25932721712538226
292 days 12:00:00,572.9412800293433,23.93619184476393,17.16714743895319,0.22036574664986414,0.2203961094560858,0.24969113406318452,0.2591743119266055
293 days 00:00:00,571.1877320899636,23.899534139601204,17.127613678034905,0.219183938682795,0.2190948368179025,0.2484241923659741,0.26055045871559634
293 days 12:00:00,573.3361698764495,23.94443922660227,17.203142374020967,0.21956297562974367,0.2190462756166331,0.24928521889176078,0.25891946992864423
294 days 00:00:00,587.7728490417497,24.244027079710783,17.420530879677802,0.22086505131641354,0.2190948368179025,0.2513251718621227,0.254434250764526
294 days 12:00:00,593.8146531930078,24.368312481438014,17.613449262058076,0.22284249995897,0.2203961094560858,0.2538255515423065,0.24872579001019365
295 days 00:00:00,602.5569418916922,24.547035297397773,17.712989941846757,0.22357372642223958,0.22101540041638423,0.25474911076768936,0.24831804281345565
295 days 12:00:00,601.3538664968981,24.522517539944754,17.720669932336296,0.22342157543680954,0.2203961094560858,0.2543888563774278,0.24770642201834864
296 days 00:00:00,610.8000408022285,24.714369116006754,17.798073223425202,0.2236675257607293,0.2203961094560858,0.2548570249604786,0.24770642201834864
296 days 12:00:00,602.8235813395358,24.552465891220294,17.65132706926737,0.22271926048484458,0.2190948368179025,0.2535601501126698,0.2495412844036697
297 days 00:00:00,606.9559106004691,24.636475206499593,17.63108026905375,0.2230127731328694,0.2203961094560858,0.25419305029826283,0.25259938837920487
297 days 12:00:00,602.8788266095573,24.55359091069079,17.574604763450218,0.22326577131601605,0.22101540041638423,0.25458160308256217,0.25259938837920487
298 days 00:00:00,609.8483037616497,24.695106878927447,17.629660590246882,0.22399093475733986,0.22224100261850113,0.25559272918477116,0.25259938837920487
298 days 12:00:00,603.0933947658258,24.55795990643005,17.523397830196174,0.22353638306261317,0.22101540041638423,0.25505006545441006,0.25259938837920487
299 days 00:00:00,603.7244709333273,24.570805256102766,17.554320526396484,0.22357712418129275,0.22321672209251311,0.2547639308394602,0.2530581039755352
299 days 12:00:00,601.7172408057429,24.52992541378271,17.52308185071483,0.22300955422313898,0.2190948368179025,0.2542010261479146,0.25259938837920487
300 days 00:00:00,602.8669274689207,24.553348599914447,17.549620790081814,0.2230932379937438,0.22224100261850113,0.2544376224304598,0.2530581039755352
300 days 12:00:00,607.4629781695738,24.646764050673546,17.65518324737009,0.22372621890160865,0.22101540041638423,0.2554826572188876,0.25259938837920487
301 days 00:00:00,621.9773503418536,24.939473738269893,17.845298165383088,0.22535149974701266,0.2242743260350253,0.25775803832669936,0.25
301 days 12:00:00,619.0420538045752,24.8805557374544,17.866364935238824,0.2261341334858068,0.22750484296982648,0.25876785515476003,0.24648318042813455
302 days 00:00:00,635.5036496660842,25.209197719603935,18.035868806162675,0.2269319013583257,0.22986922311657165,0.25997677733775293,0.24464831804281345
302 days 12:00:00,627.5204961155608,25.05035920132805,17.926314836416214,0.225727796211621,0.2291906238106599,0.25825730229122534,0.24464831804281345
303 days 00:00:00,644.0689987088854,25.378514509499674,18.123473207501856,0.22674993981257885,0.23038417276221482,0.25956742765591023,0.24281345565749238
303 days 12:00:00,634.713758913078,25.19352613099401,17.97292861539085,0.22539978270804858,0.22986922311657165,0.25797182936511215,0.24464831804281345
304 days 00:00:00,641.5370657936711,25.328581993346393,18.028992256379986,0.225989490937626,0.2305643905510731,0.25889820993948,0.24587155963302754
304 days 12:00:00,636.4484012055976,25.227928991607648,17.96381199900195,0.22639101335519188,0.23038417276221482,0.2594996281830045,0.2452599388379205
305 days 00:00:00,643.9564692674538,25.376297390822284,18.054679266623513,0.2273732996092053,0.23073508697307019,0.26081299951210013,0.2440366972477064
305 days 12:00:00,639.8058729676907,25.294384217997692,17.993600529962606,0.22757138759158893,0.23103122876928348,0.2610341473806392,0.24342507645259936
306 days 00:00:00,632.8906532841639,25.157318086079126,17.865815687669745,0.22687358401936147,0.23120561452780103,0.25996271144122374,0.2440366972477064
306 days 12:00:00,628.487672539823,25.069656410486026,17.826868670121954,0.2266212041920097,0.23120561452780103,0.25953788282906365,0.24464831804281345
307 days 00:00:00,632.2613844342594,25.144808299811302,17.877639926578734,0.2262985204233212,0.23165934959389414,0.25891052691698735,0.24464831804281345
307 days 12:00:00,634.4508725991852,25.18830825202807,17.950139586171726,0.22680837435387863,0.23165934959389414,0.25982265224561213,0.24281345565749238
308 days 00:00:00,639.6582703886008,25.2914663550495,18.060441518710576,0.2272256850177072,0.2319394993840733,0.26016764269007037,0.2400611620795107
308 days 12:00:00,643.4249347198765,25.36582217709248,18.199175680962366,0.22871991990353985,0.2326002054269447,0.2621195962630889,0.23302752293577983
309 days 00:00:00,652.545307459504,25.544966382039025,18.360481429877563,0.22978691438354532,0.2328187238261181,0.26317330798952965,0.2308868501529052
309 days 12:00:00,650.3927538457424,25.50279894140528,18.380123584574378,0.22968001938169685,0.2328187238261181,0.26279532548156004,0.22752293577981653
310 days 00:00:00,655.1941103319207,25.596759762359,18.421165232909946,0.22903456498966904,0.23265653801432534,0.2617118545134498,0.2301223241590214
310 days 12:00:00,650.243829722887,25.49987901388724,18.357118534831674,0.22790927006029754,0.2326002054269447,0.2602771480733827,0.23302752293577983
311 days 00:00:00,647.92515480679,25.454373981828546,18.257495801348018,0.22734477838469938,0.2326002054269447,0.25972678513018005,0.23853211009174313
311 days 12:00:00,640.6580204856618,25.311223211959984,18.148913467345825,0.2274721480035677,0.2326002054269447,0.2600272504230018,0.23853211009174313
312 days 00:00:00,639.1129961474907,25.28068424998601,18.091018478718834,0.22779925614541413,0.23265653801432534,0.260514897417201,0.24464831804281345
312 days 12:00:00,631.9095319907875,25.137810803464717,18.001793088547934,0.2277634873028623,0.23265653801432534,0.26048936490974534,0.24587155963302754
313 days 00:00:00,625.1380854972869,25.00276155742175,17.897968669023868,0.22672108320471315,0.2326002054269447,0.2588013395897544,0.2452599388379205
313 days 12:00:00,620.4002458716562,24.90783502979848,17.84111629304811,0.226000708400376,0.2319394993840733,0.2578182236355191,0.2489296636085627
314 days 00:00:00,620.4751375466514,24.909338360274674,17.82200299236475,0.22474752803382775,0.23191556229627855,0.25606817922355907,0.25382262996941896
314 days 12:00:00,624.7257221193828,24.99451384042872,17.922024163253326,0.22514865522273378,0.2319394993840733,0.2567803443228786,0.25504587155963304
315 days 00:00:00,639.2673457835568,25.28373678441454,18.13943366327965,0.2263024711634382,0.2326002054269447,0.25845670616038985,0.25688073394495414
315 days 12:00:00,644.4150866604159,25.385332116409586,18.286725782743,0.22765848806251177,0.23265865576255987,0.2602215589258221,0.25321100917431194
316 days 00:00:00,654.4064035776322,25.581368289785285,18.44173133818653,0.22872868346410186,0.2328187238261181,0.2613700819746176,0.2515290519877676
316 days 12:00:00,651.4774388793364,25.52405608204418,18.436437229525477,0.22815966553512843,0.2328187238261181,0.26046558854395674,0.25198776758409785
317 days 00:00:00,655.0968807241247,25.59486043572273,18.453827349148764,0.2273761369775021,0.23265865576255987,0.25910369372884695,0.2545871559633027
317 days 12:00:00,648.2269524295364,25.46030149918764,18.348682565179793,0.22594277797248896,0.23265653801432534,0.2572729443010616,0.25749235474006116
318 days 00:00:00,644.5143346217062,25.387286870040015,18.22271898233026,0.2251397553789149,0.23225592534740108,0.2564298486362029,0.26299694189602446
318 days 12:00:00,637.0337918427231,25.239528360148157,18.123818745764545,0.22551378388933516,0.23225592534740108,0.25688405491529726,0.26299694189602446
319 days 00:00:00,634.2515065815849,25.184350430010795,18.044594532985652,0.22584289544508307,0.23225592534740108,0.2573774406930174,0.26299694189602446
319 days 12:00:00,625.8431016774681,25.016856350818102,17.911289384100257,0.22528062591174852,0.2319394993840733,0.25669531705112714,0.26422018348623855
320 days 00:00:00,621.6244030633314,24.932396657027006,17.83107423713697,0.22437750784350416,0.23191556229627855,0.2551463338452874,0.26360856269113153
320 days 12:00:00,614.1728323587449,24.78251061451896,17.72660262133851,0.22335009860857477,0.23098689920258073,0.25386972869121716,0.26727828746177373
321 days 00:00:00,612.6955828687544,24.752688396793477,17.685873678961073,0.22189362243149807,0.23073508697307019,0.2518974308455206,0.2698776758409786
321 days 12:00:00,615.8243986027322,24.815809448872148,17.765051262531625,0.22237411229399803,0.23098689920258073,0.2526453529817546,0.26727828746177373
322 days 00:00:00,629.1975859928297,25.083811233399715,17.97614081902215,0.22361098062521875,0.23098689920258073,0.25426497072084603,0.2668195718654434
322 days 12:00:00,632.7768776394811,25.15505670117802,18.06859382651952,0.22445370211183602,0.23165934959389414,0.2554422750577824,0.2654434250764526
323 days 00:00:00,647.4483689876049,25.445006759433273,18.30709054087512,0.2260469387302141,0.23191556229627855,0.2571555167133494,0.26299694189602446
323 days 12:00:00,641.778276357381,25.333343173718326,18.237273189247407,0.22507730135611984,0.23098689920258073,0.2557917327412852,0.26360856269113153
324 days 00:00:00,644.7166461811155,25.391271062731686,18.25258025819501,0.22453087720560339,0.23098689920258073,0.25472156706362176,0.26850152905198776
324 days 12:00:00,635.698453104313,25.213061160920404,18.106972898234176,0.22316300135644293,0.2305643905510731,0.2529155349490974,0.27522935779816515
325 days 00:00:00,630.2548368736852,25.104876754799758,17.967003767134408,0.2226359970709287,0.22986922311657165,0.2522790666972243,0.27767584097859327
325 days 12:00:00,623.0023385938638,24.96001479554577,17.84452071167257,0.22271216072626518,0.22986922311657165,0.25237279877325236,0.28134556574923547
326 days 00:00:00,620.9062368788826,24.91799022551543,17.816888316718696,0.22325421635055837,0.2291906238106599,0.25301148050422606,0.27951070336391437
326 days 12:00:00,613.1773774132519,24.762418650310632,17.680896220816635,0.22299301473876043,0.22905089301157855,0.252673073701223,0.2790519877675841
327 days 00:00:00,607.2523943401092,24.642491642285467,17.624003486942595,0.22251193774209527,0.22750484296982648,0.25153022965366584,0.27889908256880735
327 days 12:00:00,603.0016502895813,24.55609191808789,17.546395416992983,0.22153122495343083,0.2199556146990212,0.25034407715741325,0.28211009174311924
328 days 00:00:00,606.5731154613114,24.62870511133932,17.567906837590392,0.22112690909451801,0.2191638543805804,0.24991071848759663,0.2850152905198777
328 days 12:00:00,609.7526319948402,24.69316974377409,17.648213249792317,0.22145687421056098,0.2191638543805804,0.25056721362988177,0.2854230377166157
329 days 00:00:00,625.0948477206102,25.001896882448943,17.89067791561585,0.22325688970448054,0.2199556146990212,0.2527859647108845,0.28256880733944956
329 days 12:00:00,624.3843815896088,24.98768459840985,17.89648274585106,0.22366006770710536,0.2199556146990212,0.25336928846642415,0.28211009174311924
330 days 00:00:00,629.0999774044935,25.081865508859057,17.972965423586217,0.224369762244935,0.22750484296982648,0.25376811217813733,0.28195718654434254
330 days 12:00:00,623.8445527689718,24.97688036502901,17.862997575233987,0.22281205614137198,0.2190006281349017,0.25176092320836657,0.28440366972477066
331 days 00:00:00,630.5448480217465,25.110652082766517,17.933054995190073,0.22279865190027046,0.2190006281349017,0.2513664263799868,0.28807339449541286
331 days 12:00:00,624.5634621004318,24.991267716953292,17.794607720034314,0.22151715472629968,0.2164816775079745,0.24983522707942718,0.290519877675841
332 days 00:00:00,616.983841007495,24.83915942634724,17.692230031958523,0.2213658313415522,0.2160337289418176,0.24976953464110807,0.290519877675841
332 days 12:00:00,613.1054232166899,24.760965716560612,17.590590666403763,0.22156628550972343,0.21405894046967638,0.25012300056804154,0.2941896024464832
333 days 00:00:00,610.2338978513101,24.702912740227823,17.574022650475413,0.22224969365816938,0.21405894046967638,0.25095796529065834,0.29174311926605506
333 days 12:00:00,605.0583931767799,24.597934733972686,17.474889673034834,0.22174720366548778,0.2128267357466595,0.25037770147208394,0.29480122324159025
334 days 00:00:00,604.8971761963323,24.594657472636865,17.46843414178893,0.22143708374082893,0.20783009719540296,0.24941330777261106,0.29480122324159025
334 days 12:00:00,598.9414002656316,24.47327931164174,17.37205243454002,0.22034684863665915,0.20773797640556194,0.2481582862119566,0.3012232415902141
335 days 00:00:00,604.6618241697647,24.58987239027004,17.43708108608404,0.2202280040954735,0.20773797640556194,0.24790268586223155,0.3021406727828746
335 days 12:00:00,607.3608180744682,24.64469147858151,17.501482546525153,0.22067856317640627,0.20773797640556194,0.24869065181720593,0.3012232415902141
336 days 00:00:00,623.5122164500596,24.970226599894115,17.73641072290964,0.2224239782537784,0.20783009719540296,0.2508485348544255,0.29908256880733947
336 days 12:00:00,624.2970172437125,24.985936389171258,17.78618451393286,0.22312229307712983,0.21187669212210766,0.2518457649405693,0.29510703363914376
337 days 00:00:00,627.4352323443477,25.048657296237412,17.840323139393796,0.22360364891362056,0.21004904599505514,0.25207325896447486,0.29480122324159025
337 days 12:00:00,621.0587602091214,24.9210505438499,17.74619536322703,0.222129451699555,0.20773797640556194,0.25017505063455614,0.2966360856269113
338 days 00:00:00,621.5565472119692,24.931035823085434,17.731603114017,0.22159090501678833,0.2069580133598101,0.24898325873665866,0.30045871559633025
338 days 12:00:00,616.6525816603908,24.832490444182007,17.63645201896345,0.22065471838185963,0.2068273743005992,0.2478416070634704,0.3058103975535168
339 days 00:00:00,602.7442852644675,24.550851008966422,17.42277170785346,0.21959027734870648,0.2060451774431757,0.24680128174513835,0.30825688073394497
339 days 12:00:00,601.9185574588824,24.5340285615486,17.391997355192238,0.22008264669770267,0.20655626760026707,0.24759269770678805,0.3103975535168196
340 days 00:00:00,601.1391745145804,24.51813970338248,17.354659632568143,0.22025607814616704,0.2068273743005992,0.24793330647739706,0.3076452599388379
340 days 12:00:00,598.2356474886916,24.45885621791607,17.271426960695525,0.21977054277585428,0.20655626760026707,0.2474072179696068,0.3119266055045872
341 days 00:00:00,596.4522327041557,24.422371561831493,17.224646255872454,0.2191101397797804,0.20655626760026707,0.24602128966195835,0.31422018348623854
341 days 12:00:00,596.6461803285121,24.426341935060847,17.223325456699857,0.21841670294676618,0.20386202454074773,0.24526465647946316,0.3172782874617737
342 days 00:00:00,607.4802729135764,24.64711490040115,17.354189120868202,0.2187362572508724,0.20386202454074773,0.24538507139911356,0.3195718654434251
342 days 12:00:00,610.5402201259077,24.709112086959088,17.433745790435488,0.2192107009182421,0.2060451774431757,0.2461925442000989,0.3195718654434251
343 days 00:00:00,629.9364647857371,25.098535112347438,17.65133913735485,0.22082768916136242,0.2060451774431757,0.2480804751101065,0.31880733944954126
343 days 12:00:00,633.6856754092013,25.173114138087907,17.737937760099715,0.22103514445918773,0.2060451774431757,0.24845164120839267,0.3165137614678899
344 days 00:00:00,649.4864048716049,25.48502314834352,17.897923573969557,0.22189095361215744,0.20386202454074773,0.24938714904327178,0.3211009174311927
344 days 12:00:00,646.7067910326114,25.430430413829242,17.871024661414268,0.22111550795296223,0.20386202454074773,0.2485464848903997,0.3204892966360856
345 days 00:00:00,660.2094651293723,25.69454154347519,17.96196599289439,0.22122343639407796,0.20343757164408213,0.24860883255220673,0.327217125382263
345 days 12:00:00,656.0901813439398,25.614257384197963,17.89097487739945,0.2208913917789083,0.20319622832591433,0.24831678074122496,0.3296636085626911
346 days 00:00:00,657.4965445521443,25.641695430531584,17.845772681514003,0.22087012763949743,0.20319622832591433,0.24864312939068947,0.3327217125382263
346 days 12:00:00,656.7180175310518,25.626510053673947,17.847279137827314,0.22146291588124836,0.20319622832591433,0.24951117283061136,0.3327217125382263
347 days 00:00:00,661.7967609542368,25.725410802438837,17.89564948144548,0.22211099818576424,0.20343757164408213,0.25044318875221305,0.3327217125382263
347 days 12:00:00,657.6942314417989,25.64554993447789,17.82749064857473,0.22179858692593668,0.20386202454074773,0.25013739269998475,0.3339449541284404
348 days 00:00:00,662.6550127959993,25.74208641108951,17.87829618869627,0.22169760582073836,0.20386202454074773,0.24946106836302256,0.3333333333333333
348 days 12:00:00,663.184181722601,25.75236264350518,17.906987096072868,0.22190404311475495,0.20386202454074773,0.24973116203945298,0.3327217125382263
349 days 00:00:00,669.6221752428638,25.877058859979893,17.952745018981,0.2219174116086088,0.20319622832591433,0.2496552635675602,0.3348623853211009
349 days 12:00:00,674.177979948713,25.964937510972618,18.062368233122104,0.2228695470068028,0.20254259144923786,0.2509073341937102,0.3290519877675841
350 days 00:00:00,688.2693507394883,26.234888045110623,18.24714690002517,0.22437783683340434,0.20319622832591433,0.25276795093623555,0.3264525993883792
350 days 12:00:00,688.484912492886,26.23899602677065,18.284494931299193,0.22485656400157839,0.20343757164408213,0.2534268525677658,0.3235474006116208
351 days 00:00:00,695.3806493360934,26.370071090842615,18.341722100636847,0.22499969026711963,0.20254259144923786,0.25337156936925254,0.327217125382263
351 days 12:00:00,694.7987570303159,26.359035586119532,18.321366490026563,0.22398002417769453,0.20254259144923786,0.2521226190322434,0.3296636085626911
352 days 00:00:00,699.2560905337951,26.4434508060842,18.336590453232347,0.22337476116348623,0.2018209485088337,0.2513767383925961,0.33562691131498473
352 days 12:00:00,696.648404668468,26.394097913519754,18.30530139740077,0.22324258587030446,0.20254259144923786,0.2511891535083424,0.3339449541284404
353 days 00:00:00,694.944267710983,26.36179560862619,18.231306257045375,0.22295136751933947,0.20132037378416437,0.25120968637036817,0.3370030581039755
353 days 12:00:00,696.2548569442802,26.386641638228237,18.26806525490387,0.2241491011839451,0.20386202454074773,0.25274696309463246,0.3339449541284404
354 days 00:00:00,699.2695632165537,26.44370555002747,18.292326370252386,0.22454688801347233,0.20386202454074773,0.2533694459419408,0.3339449541284404
354 days 12:00:00,696.8533329867961,26.397979714114413,18.251456526528916,0.22466933426035426,0.20343757164408213,0.25351683883436377,0.3327217125382263
355 days 00:00:00,699.5087026076641,26.448226832959218,18.272803088710937,0.224147371394262,0.20343757164408213,0.25247365615373624,0.3379204892966361
355 days 12:00:00,700.5544822745361,26.467989766405307,18.31663961148358,0.22438044977018767,0.20254259144923786,0.2527358607113566,0.3357798165137615
356 days 00:00:00,703.1722479220582,26.517395194891563,18.31828258074336,0.22384687420280275,0.2018209485088337,0.25215843497849894,0.3379204892966361
356 days 12:00:00,711.2903243289888,26.67002670281732,18.49691826041567,0.22531595723491088,0.20386202454074773,0.25385444020427916,0.33211009174311923
357 days 00:00:00,724.6247734840125,26.918855352410745,18.68417797558633,0.22678587622980206,0.2060451774431757,0.2556777427838557,0.3302752293577982
357 days 12:00:00,728.7606201332137,26.99556667553422,18.790586154832557,0.22761516782778107,0.2068273743005992,0.2567033720133309,0.3296636085626911
358 days 00:00:00,736.7271702586057,27.142718549522737,18.861194065864826,0.22777240002677035,0.20655626760026707,0.2567133855072438,0.33256880733944955
358 days 12:00:00,738.6379589091632,27.17789467396552,18.90315390323605,0.22729536583021534,0.20655626760026707,0.2560520015173029,0.3327217125382263
359 days 00:00:00,740.4771850104901,27.211710438899097,18.896888801622183,0.22642869996283657,0.20630655422803554,0.255083317323148,0.33868501529051986
359 days 12:00:00,741.7857890968992,27.23574469510425,18.948942816398162,0.22694481963523105,0.2060451774431757,0.2555978322242189,0.3370030581039755
360 days 00:00:00,741.2290680762022,27.225522365534186,18.89348873036579,0.22671836001125523,0.2060451774431757,0.25574322681589734,0.3388379204892966
360 days 12:00:00,742.9541107346776,27.257184570947118,18.95411950571588,0.22805685128112063,0.2068273743005992,0.25750639074156545,0.3370030581039755
361 days 00:00:00,744.269293236204,27.28129933189041,18.961321947016803,0.22833697926293592,0.2069580133598101,0.2579870324674313,0.3370030581039755
361 days 12:00:00,741.3336326293525,27.227442638436546,18.90285390684912,0.2280697708079946,0.2069580133598101,0.25780472735916216,0.3388379204892966
362 days 00:00:00,741.6101737753494,27.232520518221396,18.893402219815847,0.22719096336489636,0.20773797640556194,0.2563686944511773,0.34480122324159024
362 days 12:00:00,743.2146201021907,27.261962880581265,18.927894452354245,0.2269601075462888,0.20736585717237355,0.25618407938822096,0.3480122324159021
363 days 00:00:00,746.0820986352921,27.314503448448264,18.939186383095745,0.22649799327695008,0.20736585717237355,0.2556631972942191,0.3532110091743119
363 days 12:00:00,753.2742189849398,27.44584156088022,19.105603207379428,0.2274945651533758,0.208179753379635,0.2569329315400968,0.35045871559633024
364 days 00:00:00,765.3740018236294,27.6653935779636,19.277855209073145,0.228828571432693,0.20968931455951018,0.2584670964788474,0.3506625891946993
364 days 12:00:00,763.6472528898838,27.634168214185202,19.31578557340765,0.22927437687204602,0.2105352404432801,0.2590245474110183,0.3474006116207951
365 days 00:00:00,772.6003577808766,27.79568955397359,19.376037385897185,0.229227057272238,0.20968931455951018,0.2586282371443627,0.3532110091743119
