ds,Most Likely Case,Worst Case,Best Case
2020-11-17,101.93137271790054,90.76840616586595,113.44054811052096
2020-11-18,102.09621584917709,89.05501027985478,114.00165029418368
2020-11-19,102.16584070376058,91.04917704690088,113.84834348399723
2020-11-20,102.28086335539558,89.94219218373858,113.9703291881375
2020-11-23,102.2676429908046,90.28794201474545,114.89874484119899
2020-11-24,102.25244187201041,90.22456197791655,113.97106409065081
2020-11-25,102.30150683120016,90.04361264493345,114.59607091038694
2020-11-27,102.29072594870097,90.91354515408455,114.19178982169154
2020-11-30,102.09189763339947,91.12174385016988,113.63111726379235
2020-12-01,102.04587015403216,90.37389236368364,113.77287348909815
2020-12-02,102.0796389660504,90.2636468148004,113.54605976734496
2020-12-03,102.04478481320899,90.06748926959861,113.65563793229315
2020-12-04,102.08255918826944,90.85274656282658,114.34155598700983
2020-12-07,101.99863262566213,89.7876369192687,113.81598694999637
2020-12-08,102.00996374307039,89.95131433385824,113.79388882008364
2020-12-09,102.10753588632397,90.70452113489117,114.09110055697246
2020-12-10,102.14090858952113,90.30873052599303,114.12518548942428
2020-12-11,102.24926689879375,90.70457260298033,114.37275290899717
2020-12-14,102.37093943265693,90.60314165753263,113.6997572117205
2020-12-15,102.44244736790469,90.56455031269746,114.10590749794095
2020-12-16,102.59325044738675,90.48535098824077,114.57089250421046
2020-12-17,102.6715596493594,91.43369320498009,114.30815736627197
2020-12-18,102.81546355592056,90.70878626365483,114.36083927783383
2020-12-21,102.98067628952717,91.68386023554203,114.2597295266039
2020-12-22,103.04489605975763,92.0333500124172,114.42778761174834
2020-12-23,103.17786949325071,90.19419118770152,114.55902255264802
2020-12-24,103.22845096159345,91.11671999313388,115.27144466606728
2020-12-28,103.34903788132485,91.46001319609319,115.77886856776614
2020-12-29,103.35374056947755,91.71414451592365,115.08909945435435
2020-12-30,103.4255094772365,91.73326990869002,115.90826960814874
2020-12-31,103.41494281207116,90.95449671618067,115.21839670968372
2021-01-04,103.32520687206927,92.19338807401881,115.3020809031128
2021-01-05,103.29344945960472,91.56640256043485,114.87705104529728
2021-01-06,103.33767259137232,91.15322456330277,114.8113580043938
2021-01-07,103.30934531218625,90.19065638006785,114.40619128161434
2021-01-08,103.34982398248648,91.6754965786179,114.94693696223374
2021-01-11,103.25512122646649,91.48592924500471,115.27148452285438
2021-01-12,103.25878563627987,91.85604940879762,115.04030368496183
2021-01-13,103.3481194050704,92.03078432490867,115.03831150506367
2021-01-14,103.37371632458796,90.69252690777313,115.39597446260501
2021-01-15,103.47585584597304,91.65799527293365,115.43283364576979
2021-01-19,103.68188588073394,92.45479228421144,115.0638218493675
2021-01-20,103.85048199777687,90.75086025045134,116.23617734780865
2021-01-21,103.95414858790704,91.45417018917028,116.07879364625333
2021-01-22,104.13159973424303,92.79015091297808,115.44777597890406
2021-01-25,104.45014249119015,92.07113134411296,116.62111322273793
2021-01-26,104.5832176396174,91.34499485176617,115.50700359285587
2021-01-27,104.79348229262862,92.83387644234426,117.02060756022769
2021-01-28,104.92920843227482,92.92603699276162,116.52025025073534
2021-01-29,105.12859855186949,93.04550631370196,117.01466413629763
2021-02-01,105.45028176444241,92.80576990607986,117.45263945245557
2021-02-02,105.56389371232858,92.6537158281365,116.51990774076964
2021-02-03,105.74511530354414,94.33519977357128,117.15754858650604
2021-02-04,105.84288283152864,94.60203933781372,117.56309807959434
2021-02-05,105.99620850630136,94.66031984559609,117.0935605688745
2021-02-08,106.1408409701416,95.00572144613358,118.06289675783651
2021-02-09,106.18612217499754,94.148053479079,117.24778327040437
2021-02-10,106.29627217343784,94.8318135607826,117.68855911662892
2021-02-11,106.32138006936611,93.67302745051383,116.71301323950317
2021-02-12,106.40157858986251,94.8126362412571,118.43964551541605
2021-02-16,106.3144290082962,94.40835207274152,118.01736530659731
2021-02-17,106.36340195128305,93.5439179716049,116.88454572841118
2021-02-18,106.3318731280049,94.70316394793473,118.15039840825544
2021-02-19,106.36041642806092,94.83242779142952,118.2361651069962
2021-02-22,106.17065286275344,94.3431516364324,117.25902949890497
2021-02-23,106.12107269670307,94.19303216751781,118.0220961187716
2021-02-24,106.14578937476604,94.28714146665284,118.10086790625527
2021-02-25,106.09526247593314,94.24937429446568,117.35258677751686
2021-02-26,106.10980437779035,94.5482127238748,118.20031722139677
2021-03-01,105.90468835359701,94.7584514488936,118.46470453272126
2021-03-02,105.85762692521618,94.65762927273188,117.5907328002831
2021-03-03,105.88803424847094,94.05892757050604,117.09236715028743
2021-03-04,105.8459936534384,94.60344635979762,118.97599722025191
2021-03-05,105.87146264838013,93.33043867482894,117.41913176230567
2021-03-08,105.71068514666877,93.30207294165335,117.6406246184203
2021-03-09,105.68140803832948,93.81860464978499,117.78959758239017
2021-03-10,105.73077350188491,93.26759062843485,118.57259436651924
2021-03-11,105.70872214367208,94.15765900999116,117.4680586405659
2021-03-12,105.75510006535308,94.26028187013986,117.96757628061286
2021-03-15,105.66180282868156,94.23857279341483,117.3406111339872
2021-03-16,105.65641732011034,93.60072470471552,117.18224805578984
2021-03-17,105.73028875432668,93.14028931104934,117.4220599424065
2021-03-18,105.73329654697108,94.16864220728968,118.25281234907997
2021-03-19,105.8052092553315,94.43328606686524,117.49722273300237
2021-03-22,105.79023916151081,93.93371298894174,117.66944599332079
2021-03-23,105.81101638328063,94.49596174666634,117.30671322622082
2021-03-24,105.91073958350547,93.69227673792783,118.32629075889066
2021-03-25,105.93903991972621,94.72875660081776,117.70571723278036
2021-03-26,106.03541087552647,93.61583989489199,117.53428529726615
2021-03-29,106.08576140294309,94.82361665176072,118.89261966982511
2021-03-30,106.1245584081304,93.5316340100798,117.70266855632997
2021-03-31,106.23989103836968,95.03123642187842,118.31901559111913
2021-04-01,106.28108920203049,93.93434071232043,117.73543384305151
2021-04-05,106.44732121811036,96.1875428350456,118.79338439404752
2021-04-06,106.48211345103948,94.60788596185002,118.3127537790769
2021-04-07,106.58973329473835,94.80500594120187,118.18777598353691
2021-04-08,106.61954209985774,95.20781816494373,118.24163521056033
2021-04-09,106.71085545323972,93.8033258076681,119.18151942564816
2021-04-12,106.70641247082585,95.03392784202464,119.35145322930597
2021-04-13,106.71421798162868,94.82543409668831,118.37615279428343
2021-04-14,106.79271880810039,94.88696918729039,118.82089509336583
2021-04-15,106.79172449921579,95.59160237480566,117.84615600107306
2021-04-16,106.85103459417041,94.97464843442671,118.06620578590874
2021-04-19,106.74855247311801,94.83819153539379,118.24935295199964
2021-04-20,106.72476373277141,95.07395611290777,118.703422828983
2021-04-21,106.77307618743293,95.38494871015253,119.32375969746889
2021-04-22,106.74378514130447,95.14761593151576,118.65673685136974
2021-04-23,106.77714124073152,94.68306130235189,119.13168807291045
2021-04-26,106.61467927969969,94.59946351322122,118.34841424673107
2021-04-27,106.5778609127235,94.85795770436187,118.6280967826178
2021-04-28,106.6169753952623,94.85258650647403,117.8342533173686
2021-04-29,106.5824317452422,94.95723623173724,117.52605351843758
2021-04-30,106.61452949551048,94.28150787880962,118.23019155982534
2021-05-03,106.47181274131883,94.42369961642846,118.07274094391828
2021-05-04,106.44898054733568,95.03886548935574,118.50375995944034
2021-05-05,106.50543881468197,94.66908986849792,118.56454098932532
2021-05-06,106.49132600073607,94.27894183276935,118.18756134000448
2021-05-07,106.54663768878856,94.78361209015844,118.36468373624393
2021-05-10,106.48686460468996,94.51978642682924,118.3254169189821
2021-05-11,106.49490957387752,95.588793049448,118.49044727054925
2021-05-12,106.58324277352988,94.49358161212277,118.20996886216005
2021-05-13,106.60163533739455,94.61539505636846,119.20330669982734
2021-05-14,106.68972381613679,95.90131294989575,118.4523428162348
2021-05-17,106.72651365749742,94.97441572655976,118.94205091723987
2021-05-18,106.765106247924,95.01248780987753,118.00267620378708
2021-05-19,106.88268709569587,94.07924883123935,119.01260741645639
2021-05-20,106.92876796059505,94.63266537622282,118.21981453740602
2021-05-21,107.0427451521002,95.77113035391149,119.1969899864562
2021-05-24,107.14428128101936,95.62836210022209,119.13636015126765
2021-05-25,107.19953297816208,95.12432674459092,119.17928836600824
2021-05-26,107.33104845589529,95.19398229299323,118.70843761171835
2021-05-27,107.38820952313716,96.33463863912972,118.51242940029486
2021-05-28,107.51030240101416,96.2703229759334,119.34678451801214
2021-06-01,107.66850634758586,96.36089649718353,119.62300871055254
2021-06-02,107.79250058175886,95.57008067687687,119.92210004398598
2021-06-03,107.83905753926516,96.48427860604949,119.54348508904397
2021-06-04,107.94756336893784,96.06094932539433,119.98458268816023
2021-06-07,107.99790714025552,95.81221363433762,120.59883623236101
2021-06-08,108.02517690510652,96.15695522429976,120.07562107902304
2021-06-09,108.12379242623471,96.4070679817741,119.80136040918087
2021-06-10,108.14359038948463,97.21005732922339,119.85380312801828
2021-06-11,108.22440228883377,95.782664482919,119.89670416849124
2021-06-14,108.1911885852699,97.46721419098222,119.41685353062933
2021-06-15,108.19234612013862,95.98560407468277,120.39745302912311
2021-06-16,108.26673574194777,96.8978377112304,119.8757860889869
2021-06-17,108.26482357693415,96.12249924755854,119.70452466189454
2021-06-18,108.3270676638976,96.3430253317513,119.61476807751654
2021-06-21,108.26295083616223,96.39319276439265,120.71319432823846
2021-06-22,108.26385281510083,95.69165159752671,120.21589478481368
2021-06-23,108.34374815373614,96.3621240480155,120.24989630552423
2021-06-24,108.35342712956336,95.8627382620137,119.69108552120845
2021-06-25,108.43357524673735,96.77492478266858,120.11211160454467
2021-06-28,108.46166310269994,96.84800389312991,120.82363967947465
2021-06-29,108.50573212101904,97.61433832790969,120.75360052344466
2021-06-30,108.63449532801403,96.07943052844747,120.02934212518473
2021-07-01,108.69824361937903,96.78967597794345,119.76121267689425
2021-07-02,108.83704133387921,95.73500026355002,120.50815651730545
2021-07-06,109.17342544950691,96.89100106670618,120.9679999571973
2021-07-07,109.37085959683621,98.12333136201828,120.39400830223697
2021-07-08,109.50220398107741,98.21802490276482,121.30941493884313
2021-07-09,109.70641801509034,97.92300936600658,121.4200173266723
2021-07-12,110.10249987007424,98.77187032433086,121.15199800511948
2021-07-13,110.26143357705304,97.50388191306834,122.20803257079046
2021-07-14,110.49799970121323,99.38189737291044,122.47636835965834
2021-07-15,110.66069874914226,98.62701938547953,122.83911079764276
2021-07-16,110.8879313444617,99.5054474542621,123.20385859673708
2021-07-19,111.29983416898139,99.25058291406957,122.45768372427611
2021-07-20,111.44607444953296,99.65751602330204,122.98773142170741
2021-07-21,111.66128984039328,100.03760305686681,123.83546688389991
2021-07-22,111.79443465001638,99.09479868997748,123.34489524265942
2021-07-23,111.98452463539766,100.59810800790115,124.43727169697219
2021-07-26,112.24774001175619,100.56905882350846,124.1460182772538
2021-07-27,112.3353277838455,100.57543039621861,123.56045429385789
2021-07-28,112.48921632647512,101.48536494651603,124.70199724610241
2021-07-29,112.55955089931167,100.97454462099826,124.31239001428028
2021-07-30,112.68654451457586,99.8429681934547,124.20729699184464
2021-08-02,112.77021648050749,100.38686228650798,124.00339951244517
2021-08-03,112.80466143249865,100.93262089793885,124.5081511520359
2021-08-04,112.91021637404071,100.63262099441725,124.50228522522976
2021-08-05,112.93769136212089,101.05789915167533,124.9163688712033
2021-08-06,113.02780008531387,100.73854589064781,124.4394591836739
2021-08-09,113.03898534116261,101.77374198347229,124.23381113923517
2021-08-10,113.06183659742001,102.69627185977858,124.9647872718165
2021-08-11,113.16154806414315,100.77028612077679,125.11349331964723
2021-08-12,113.1883527043185,101.31908408161047,124.87384973799617
2021-08-13,113.28223629067156,101.11381699912438,125.98771563316124
2021-08-16,113.32232190254351,100.26258864308329,124.68128806067544
2021-08-17,113.35720667270648,101.17372397985046,124.56988801962274
2021-08-18,113.4683095102773,101.80998277258426,125.59988141848734
2021-08-19,113.50475452179853,101.573921016592,124.52233337485872
2021-08-20,113.60545973612496,101.35559602764798,125.31272846215458
2021-08-23,113.6396565429679,102.44633978502236,125.97559281518178
2021-08-24,113.66124487564433,101.75612364804209,125.2216387111905
2021-08-25,113.75248759742011,102.20389256526809,125.25983861784323
2021-08-26,113.76223329182413,101.2645388729051,124.78292490660684
2021-08-27,113.82931511938949,102.3045669868557,126.62355976082273
2021-08-30,113.72316535416384,102.32315016558618,125.35813712988127
2021-08-31,113.68644453328284,102.38361448668735,125.40321961930466
2021-09-01,113.71486322025103,101.69959236189614,125.56888442974481
2021-09-02,113.6582424029976,102.31240843042934,125.30461707527199
2021-09-03,113.65650448695789,102.00908366344504,125.17015989296851
2021-09-07,113.2381016980956,101.88340729649123,125.33306159186098
2021-09-08,113.20383159731544,101.80523968292016,125.52652474274618
2021-09-09,113.08939902349422,100.46503209641403,125.0366420452097
2021-09-10,113.03578779725893,101.28091974418106,126.15429457596167
2021-09-13,112.60914671723151,100.99887623555138,124.31047996961743
2021-09-14,112.48571404818372,100.11325006754805,123.74041111285446
2021-09-15,112.44012700960845,100.41233442448669,124.24614025947825
2021-09-16,112.32342283712715,101.28174589191778,123.68009190332803
2021-09-17,112.27644931388062,99.77242678292637,124.83857415530011
2021-09-20,111.91908033999903,100.26777147962801,123.4904755854234
2021-09-21,111.83301780413484,100.42655755938844,123.46286992617028
2021-09-22,111.83052278953424,99.4922484655778,123.30032027211284
2021-09-23,111.7616373618412,99.67356980990027,123.69244543880039
2021-09-24,111.76615909500298,99.4826724462708,124.33824254953518
2021-09-27,111.57467691269352,100.21589123251033,124.10693279136596
2021-09-28,111.5443288680254,100.3642795969355,123.42292514743552
2021-09-29,111.59625871642962,100.10790498027542,123.28722054753256
2021-09-30,111.57978111614607,99.14924181912642,122.26899956708465
2021-10-01,111.63411261139203,99.70989044077473,123.4614396642432
2021-10-04,111.57317565761201,99.53543290592062,123.20158882835545
2021-10-05,111.57984504361171,100.06449707918031,123.16885208610528
2021-10-06,111.66589237966986,100.16517561404218,123.47135068721298
2021-10-07,111.68109744449136,100.34458624605521,124.63515579543996
2021-10-08,111.76529247881652,99.98688925180987,122.66030142592528
2021-10-11,111.79097401632383,99.41105180881084,124.04181636884978
2021-10-12,111.82857291040017,100.32902774175636,123.8480276897441
2021-10-13,111.94818980397713,100.47558635952481,123.6335926715346
2021-10-14,112.00055186297381,100.81882411701655,124.13548887429809
2021-10-15,112.1263761331696,99.81221241501008,123.34678908009036
2021-10-18,112.31097963361637,99.94693357864787,123.89466100824349
2021-10-19,112.4145359910174,100.4549139511179,124.1437218605445
2021-10-20,112.60695182506466,100.51611771477977,123.9488295063721
2021-10-21,112.73884239289137,99.95519165515667,124.11494573734433
2021-10-22,112.95058213862443,100.3897181285136,124.2790502873511
2021-10-25,113.42434458701307,101.53314657911825,125.51457387682048
2021-10-26,113.63134763962361,101.90615516625344,125.95190958554888
2021-10-27,113.92853846802103,102.55692096763555,126.50791363454833
2021-10-28,114.16496440479719,102.40314235647315,125.68625807031243
2021-10-29,114.47931165624381,102.26256764628616,126.64898324476924
2021-11-01,115.23145327489478,101.88878110476236,126.81290874101617
2021-11-02,115.51544089731722,103.71683461650147,127.1734847860145
2021-11-03,115.87885173222156,103.42017318743828,127.90135915537273
2021-11-04,116.16919129163398,104.59012804437549,127.70389077001383
2021-11-05,116.52377883113797,104.15371947902378,128.6217272079335
2021-11-08,117.30431793753922,105.91473163659266,128.7078089640107
2021-11-09,117.56490655529419,105.44725125164982,128.7399341361611
2021-11-10,117.88818602238662,105.54743506856607,129.38487325689147
2021-11-11,118.12195592537053,105.88931905443145,129.1826297951502
2021-11-12,118.40414982304638,106.01105971354636,130.50843583494063
2021-11-15,118.88330742830942,107.12504629132923,130.9247733415574
2021-11-16,119.02034650703901,106.76523145227236,130.71157869653314
2021-11-17,119.21161882432907,107.51169321324967,130.43363326958837
2021-11-18,119.30705781490859,107.73644554094696,131.81290037545426
2021-11-19,119.4468580531728,107.60225943074055,130.70722023640536
2021-11-22,119.49794994421498,107.41372034099116,130.73822725078978
2021-11-23,119.49977409468431,108.37689075675169,131.5688797054258
2021-11-24,119.56324409517902,107.84154030705336,131.8396339925599
2021-11-26,119.57281808100333,107.3148725061336,131.87097699377674
2021-11-29,119.38279467362847,107.39580338130206,131.63651160208605
2021-11-30,119.3341885731941,107.5823248455796,131.53834189472977
2021-12-01,119.36291085286642,107.09538417284618,131.2548955713971
2021-12-02,119.32079378322766,107.67135513468283,130.7983707316543
2021-12-03,119.34938389873567,107.46554046586866,132.19910217407724
2021-12-06,119.22981610072021,107.09634511100032,130.5689158637156
2021-12-07,119.2278194294061,107.32157003047547,131.16156464859193
2021-12-08,119.3119833533257,107.42742594873923,130.30662755924044
2021-12-09,119.33224505311176,107.30331243996821,130.89040121247064
2021-12-10,119.42814896326263,107.77994451762602,130.94343111028505
2021-12-13,119.51954614070148,107.02704437043307,130.63426380227273
2021-12-14,119.58417644755009,106.78935001280405,131.12046326214943
2021-12-15,119.73001612875476,107.30492060090639,131.31549143922612
2021-12-16,119.80538090906867,107.54580781042837,131.13152279953277
2021-12-17,119.94840801292625,108.04919907462445,131.74367193191404
2021-12-20,120.12304382557663,108.13189683979755,131.7239925890016
2021-12-21,120.19403929719911,108.72120713504079,131.05994519020618
2021-12-22,120.33529423119418,108.74609695783103,133.39122872795343
2021-12-23,120.39541506403836,108.31399533137886,131.9327291652701
2021-12-27,120.56083562920249,109.01036082052765,132.11265247293645
2021-12-28,120.57681502544875,109.37967408364271,132.80088173510802
2021-12-29,120.65924385864736,109.54596656863954,131.99757395543952
2021-12-30,120.65841922326138,108.3468668497065,133.1695665281493
2021-12-31,120.71479212307767,108.95617351944004,132.13009303127868
2022-01-03,120.59342966005971,107.75539485915529,131.4087608446539
2022-01-04,120.56336827150409,109.44445954755548,132.33758858546466
2022-01-05,120.60727114959367,108.51203795053412,132.9290009210363
2022-01-06,120.57658142322028,109.00736543384718,133.02602342575955
2022-01-07,120.61267876375327,108.92978064202288,132.0977266973463
2022-01-10,120.49365926779957,109.08829274245865,132.6747501538721
2022-01-11,120.48602247435976,109.04730659068996,133.028093985453
2022-01-12,120.56281413975945,107.74900186734409,132.25188130640603
2022-01-13,120.57488647380114,109.04582881206441,132.78681069262268
2022-01-14,120.66279814951082,108.31998542181381,132.02533995726114
2022-01-18,120.81081272265351,108.17455075959681,131.95531720215715
2022-01-19,120.96610012256829,108.07659412052477,132.99532594061517
2022-01-20,121.05748301120693,108.1929472982772,132.88783090727327
2022-01-21,121.22391141649082,109.40133645669486,132.61532775805316
2022-01-24,121.51884565659842,108.99178381180953,133.5560156250748
2022-01-25,121.6476577458676,110.09028056978325,133.8929635227663
2022-01-26,121.85559301221612,110.2138590889813,133.342675731097
2022-01-27,121.990942447444,109.21866920285618,133.31097499891212
2022-01-28,122.19188877798886,111.39493254409855,134.4309056532727
2022-01-31,122.52910049229166,111.06987321416425,134.21503890319983
2022-02-01,122.65110366601824,109.83484500827274,135.0251955651854
2022-02-02,122.84205544410057,111.79847768192832,134.7265549302636
2022-02-03,122.95070066038409,111.49053457052071,135.57662497940365
2022-02-04,123.11584665581982,111.61229182972178,135.14800262410145
2022-02-07,123.29945137176337,111.6492622101314,134.88681513868434
2022-02-08,123.35818106344885,110.92641019821936,136.03110963849124
2022-02-09,123.48166895152704,112.28687177108255,135.3134744302894
2022-02-10,123.51981896580178,111.65622910713849,135.2264072600139
2022-02-11,123.61259563487889,111.34851024566811,134.6920185414825
2022-02-14,123.57888973485595,112.08405278153741,135.93117893497535
2022-02-15,123.56847272029384,111.45338820168355,133.94769815062568
2022-02-16,123.62591601469099,112.82746444725154,135.55999833477182
2022-02-17,123.60183730303683,111.22460296157733,135.95572042849847
2022-02-18,123.6367959760059,111.88663610987015,134.9951826831028
2022-02-22,123.41311894655153,111.77117027663651,134.6989179053071
2022-02-23,123.4394697700795,112.27277785845676,134.8767073832645
2022-02-24,123.38978699951282,111.82541880862085,134.55277440348442
2022-02-25,123.40445516666509,110.91506547966375,134.60078051578657
2022-02-28,123.19614676432522,111.60917991927164,134.54265641885164
2022-03-01,123.14706575950407,111.1698078414074,135.44220866869142
2022-03-02,123.17508190561065,110.94836863635709,135.654971247901
2022-03-03,123.13033272229102,111.3507269529854,134.8928768734221
2022-03-04,123.15282252369892,111.73751013087166,134.51424762412557
2022-03-07,122.9818387982601,111.43348292878274,135.06522646961247
2022-03-08,122.94881993535778,111.25868607418515,134.9263057581066
2022-03-09,122.99430056524689,112.35541263802173,134.54526953830162
2022-03-10,122.9682307719239,110.97811911193591,134.4585571192379
2022-03-11,123.01046362048463,111.51929417429741,134.55794083595597
2022-03-14,122.90403387391748,110.49726074380969,134.93085641620505
2022-03-15,122.8940668498235,110.94569689351171,134.76741200561324
2022-03-16,122.9632772283944,111.38898377645201,134.50601837155637
2022-03-17,122.96156504894101,111.33969342675744,134.58975573525456
2022-03-18,123.02872527990414,111.23250250500425,135.29934909449602
2022-03-21,122.99965919118759,110.86306477598463,133.35043762995122
2022-03-22,123.01594018712207,111.42288948117297,134.43909562151217
2022-03-23,123.11135570380006,111.24686819894728,135.19880310227566
2022-03-24,123.13559517885464,111.46232442887495,134.71210284553752
2022-03-25,123.22821256645442,111.58564834989535,134.4900886619581
2022-03-28,123.26975143411714,111.35764496894704,133.88098516172798
2022-03-29,123.30661783087112,111.7416236895856,135.63905436874802
2022-03-30,123.42060656221524,111.29008171067719,134.87506178523975
2022-03-31,123.46108708193017,111.70334544748277,135.7814809403037
2022-04-01,123.56730721815518,112.06661422079054,135.25272931476644
2022-04-04,123.63115942584999,111.20407404925092,135.24187822355364
2022-04-05,123.66860198665964,111.57491906468961,134.96769679552835
2022-04-06,123.77951020779952,112.06390335710925,135.64025989709702
2022-04-07,123.81320457309626,111.7502452920348,134.64498243416108
2022-04-08,123.90894791354785,113.08209959281315,135.2991109359834
2022-04-11,123.92037520964358,111.87612293538477,136.19296703976846
2022-04-12,123.93405833961484,112.41151395845326,135.7700857593034
2022-04-13,124.01857791604363,112.33407607510972,134.71697047207581
2022-04-14,124.02364591358648,112.57232418566595,135.4120579618636
2022-04-18,124.00320466357763,111.71568304525918,135.39657744215813
2022-04-19,123.98425708808257,111.45275896864766,135.88795523196208
2022-04-20,124.03691003663822,111.63558335919544,135.21585805051893
2022-04-21,124.0113914957254,112.07725640465613,135.5111286229847
2022-04-22,124.04789517557977,112.89448658397208,136.1909808633345
2022-04-25,123.89072872403165,112.19377992852252,135.63352163193153
2022-04-26,123.85422048520753,111.67068300876564,135.34511203097108
2022-04-27,123.89291127788903,112.55126842577812,135.54890824757595
2022-04-28,123.85722364736857,112.5577069339733,135.22862662822698
2022-04-29,123.88748127916685,112.57987007869205,134.98069632461392
2022-05-02,123.73544793567712,112.26412450873067,135.6085614532192
2022-05-03,123.7084100142341,112.30703670667772,134.7353049517735
2022-05-04,123.76020985459203,111.30884233176808,136.06612700350348
2022-05-05,123.74105051785497,111.16311660886953,135.2971160059612
2022-05-06,123.79099453038548,112.92774210351061,135.81939282706213
2022-05-09,123.71387202027589,112.11851662320899,135.2042837294423
2022-05-10,123.71594197841412,111.46896271730925,135.88418903684652
2022-05-11,123.79831157782712,112.19409529795301,135.24396392293747
2022-05-12,123.8108124016282,111.77516632005816,135.68666097348736
2022-05-13,123.89313823110541,112.06085722327326,134.56440085148827
2022-05-16,123.91393468426425,112.2485962799006,135.03210501474376
2022-05-17,123.9477832322794,112.36938611154467,135.84878180429325
2022-05-18,124.06098266436614,112.97192335856077,135.86331078951397
2022-05-19,124.10308119740198,111.72634485669467,135.56439324358658
2022-05-20,124.21350843062494,112.60145568396153,135.82996096554623
2022-05-23,124.30727543427484,112.66475426525297,136.6087195349236
2022-05-24,124.36097740618298,113.0886787490288,135.31280145093496
2022-05-25,124.49149454266566,112.45699016851036,135.727183544889
2022-05-26,124.54822175574716,113.20056623387596,136.25943741622012
2022-05-27,124.67045391836976,113.27643127442107,137.54087748770164
2022-05-31,124.83492938795025,112.43828053054195,136.73055232094285
2022-06-01,124.96185868291012,112.78572182846523,135.8617794217659
2022-06-02,125.01184620605679,113.95304230901112,136.93438208608725
2022-06-03,125.12423723471231,113.21683955606414,136.07192674750615
2022-06-06,125.18841243800563,113.46126283161888,137.18617086592286
2022-06-07,125.22078545304397,114.298128760831,136.7006044903693
2022-06-08,125.32461082383794,114.09760886357334,137.193188378746
2022-06-09,125.34962843783028,113.3679391931597,137.11090475200567
2022-06-10,125.43556571688697,113.5115672283836,136.59978867338413
2022-06-13,125.41604332558413,113.48642633303602,137.30447737698546
2022-06-14,125.42081662985359,113.54812057996999,137.86305849531948
2022-06-15,125.49815572952708,113.2098334787955,137.0097222085287
2022-06-16,125.49841700819087,114.21730356442092,138.54524609314512
2022-06-17,125.5619561511347,113.77329569888825,136.61628999910886
2022-06-21,125.49349674082234,113.16134316417342,136.61232755138946
2022-06-22,125.56920081358413,113.47334051753539,137.5067062344331
2022-06-23,125.57349358030721,114.87470609721156,136.95783840319152
2022-06-24,125.64707721272532,113.47742471839182,138.45743601681636
2022-06-27,125.64892337767456,113.42651408391285,137.5998861664704
2022-06-28,125.68235452446682,113.91563559211923,135.96540488259603
2022-06-29,125.79973715419382,114.23841768805437,138.90757452713459
2022-06-30,125.8515145172876,113.57397436071567,138.19512199626533
2022-07-01,125.97792068793736,114.30364793691116,138.44202946858576
2022-07-05,126.26435874828266,114.96565198749019,138.56837207420884
2022-07-06,126.4502234064387,115.41012602234652,138.00484255766975
2022-07-07,126.5707687596139,115.62158066230477,138.63282202562135
2022-07-08,126.765143218075,115.09116924119988,137.8249075129533
2022-07-11,127.13911414599922,114.72894720316,139.25994048610127
2022-07-12,127.29359040898551,115.19985345932874,138.97832177636275
2022-07-13,127.5273123169116,115.30695339371505,139.36988282440453
2022-07-14,127.68882998053603,117.0742116014756,139.85817358265544
2022-07-15,127.91656152967663,116.38531387424149,139.41136788737774
2022-07-18,128.33972576753027,115.97447824072343,140.3671204136372
2022-07-19,128.49270831565528,116.17468598635575,139.7704343864072
2022-07-20,128.7159522038255,116.28597661346355,141.10108891881856
2022-07-21,128.8582474494987,116.64868957117737,140.32571099632253
2022-07-22,129.05842407663837,116.76488139992331,140.40063720482652
2022-07-25,129.35543075699135,117.61151854804876,141.5031169653502
2022-07-26,129.45472277516987,118.04429205258921,140.98296783209904
2022-07-27,129.62016535646694,117.11878382757291,140.65346235210316
2022-07-28,129.7016915666887,118.38453126525138,141.87182006457905
2022-07-29,129.8393163136365,117.30166631387868,142.21997150009722
2022-08-01,129.94984840344964,117.50731153211251,141.62493647239413
2022-08-02,129.991144144535,117.76851806874929,142.13925892986416
2022-08-03,130.10236320280637,118.25815212369179,142.55871409564705
2022-08-04,130.13428510143194,118.21010972548947,141.8790362421027
2022-08-05,130.227628167638,118.64887426628519,142.07816572116815
2022-08-08,130.24180380238832,118.37219457053398,142.30949613517967
2022-08-09,130.26376183004558,118.1255164837034,141.4449968031905
2022-08-10,130.3618787261787,118.75907451317548,142.37653873547418
2022-08-11,130.3865674212295,118.41347405617036,141.73123510022566
2022-08-12,130.47800952170476,119.31591523767464,141.95570623773122
2022-08-15,130.51089847173165,118.621061769219,141.36206563636938
2022-08-16,130.5441210259816,118.18992908782843,142.29559829882365
2022-08-17,130.654256847671,118.69378120898497,142.75952679120076
2022-08-18,130.69060233182873,118.98718264274741,142.8764264993829
2022-08-19,130.79222478541166,118.34814545521273,142.12390131251243
2022-08-22,130.8363352804398,118.73565665850846,141.7345182056677
2022-08-23,130.86380391973975,118.47050016703542,142.48564124340908
2022-08-24,130.9622196686344,119.13524435488563,143.16061042847522
2022-08-25,130.98037906291023,118.37126967049197,142.50713867032889
2022-08-26,131.05702751948232,119.8606369788211,143.5793770504675
2022-08-29,130.98513000207987,119.16149429795414,143.97046362907707
2022-08-30,130.9610837333223,119.17030721917936,142.75866674838173
2022-08-31,131.00245494187914,120.41731752750208,143.05412541440003
2022-09-01,130.9588329812266,118.43287168774117,142.18300952466396
2022-09-02,130.96990254720953,119.45320094985144,142.53488568489715
2022-09-06,130.59618859780724,119.0099772837012,143.04169792925373
2022-09-07,130.57041231109258,118.59975002789238,142.35450483836377
2022-09-08,130.46306014379292,118.48711341483909,143.09599979024912
2022-09-09,130.41499491967465,118.66494430510474,142.76967306974024
2022-09-12,129.99509411870451,117.67927443448853,141.07088628678002
2022-09-13,129.87056038207334,117.86268475434784,141.6578333436329
2022-09-14,129.82226474795777,117.63987182763715,141.31361875642264
2022-09-15,129.70133570903243,118.47899456223129,141.76875213707177
2022-09-16,129.64874280029727,118.53050061500655,142.07215527435355
2022-09-19,129.26773713904242,117.79519209543258,140.4401233765363
2022-09-20,129.1721544244085,117.37123553642306,140.40682283379357
2022-09-21,129.15965231991802,117.71009212965974,140.50040768586544
2022-09-22,129.0804752988476,117.2485887458217,141.07180705231866
2022-09-23,129.07461629647858,117.27844850942815,140.69686630544305
2022-09-26,128.8531855244148,117.25509997684118,140.6135001009384
2022-09-27,128.8137183600625,116.78053002307146,141.03279804260092
2022-09-28,128.8571243212695,118.16254646666334,139.85915202449087
2022-09-29,128.8327680446989,116.92706503791332,139.8224993789802
2022-09-30,128.87988164334874,116.33449157253966,139.78328680719048
2022-10-03,128.80089651190605,117.74515986014812,141.1147038478121
2022-10-04,128.80247081638396,116.70598497928877,140.2671446204345
2022-10-05,128.88367261755954,117.07119025240031,141.15431891971883
2022-10-06,128.8941214847242,117.96257045637371,140.91346973211878
2022-10-07,128.97347429107754,117.74466797867414,140.97629812776
2022-10-10,128.98226117113856,117.09275170655572,141.18756261817418
2022-10-11,129.0128351896445,117.30851545861772,141.2018340231404
2022-10-12,129.1244584806779,116.85482529377643,140.7521282034524
2022-10-13,129.16772640591122,117.81841612667151,140.86805957949775
2022-10-14,129.28325335237608,117.5315160247967,140.37317310164025
2022-10-17,129.42925462333852,117.75024157863264,141.71355798745682
2022-10-18,129.51741228750956,117.60264352132985,142.12530671939334
2022-10-19,129.69329139270513,117.62554715220443,141.98431518918034
2022-10-20,129.80764953303253,118.4714831946646,141.77224775589016
2022-10-21,130.00104559786314,118.40942160153226,141.56224803213408
2022-10-24,130.41731678403272,118.95515018612281,142.66479377748703
2022-10-25,130.6052926555131,118.72038282350269,141.59589478119685
2022-10-26,130.88405873138117,119.70633593766462,142.42446872527378
2022-10-27,131.10300131664675,119.04956618417498,142.4692710312554
2022-10-28,131.40114684137728,119.5571446433227,144.10497906567434
2022-10-31,132.11561885330926,119.70354930837439,143.33358028657776
2022-11-01,132.3916672627425,120.50657469449303,144.61334809123755
2022-11-02,132.74985153171093,121.1628964576651,144.57500538298967
2022-11-03,133.03785575714818,121.45887123875204,144.84284869146396
2022-11-04,133.39312715913061,121.8814678590235,143.96174629175
2022-11-05,133.3424484834418,121.87964578441989,145.27523491498343
2022-11-06,133.6412180720242,122.67343110110512,145.85742713770574
2022-11-07,134.19427133685198,122.60173495001222,145.83382409563075
2022-11-08,134.46776331009076,122.91067288395413,145.97288167824382
2022-11-09,134.80674002623712,122.72554480966377,147.50076240971526
2022-11-10,135.0587809619002,123.91854183602018,148.00064781692168
2022-11-11,135.36154713416357,123.68812026732667,146.18150943210182
2022-11-12,135.24235590693175,124.10826530782032,147.46096506820913
2022-11-13,135.4574558150237,123.67137631039294,147.0725162099918
2022-11-14,135.91283517718227,123.4609226672904,147.45460949918743
2022-11-15,136.0760844021704,124.54466771842357,147.93235119714333
2022-11-16,136.29394016596825,125.41513837978948,147.78542400670014
2022-11-17,136.41589428915177,123.42162899085444,148.76524717001797
2022-11-18,136.5817026853381,124.88600967171733,147.73127299092093
2022-11-19,136.32091634742284,124.16216189848217,148.86476943777262
2022-11-20,136.39210872306933,124.39857599392282,147.6503974692425
2022-11-21,136.70363439025155,125.00184051186925,148.01092567060803
2022-11-22,136.7254401455888,125.36365716773409,148.38937867404314
2022-11-23,136.80655793003237,125.03123018731769,148.00896451757964
2022-11-24,136.7986636734816,125.57441172984839,148.36169979764188
2022-11-25,136.84353865550918,124.6842409778699,148.55203808585838
2022-11-26,136.47255651734847,125.47179021483917,148.36803390174765
2022-11-27,136.44587135710142,124.33244686962956,147.64601997550298
2022-11-28,136.67314278364438,124.66530439150668,148.83577929378023
2022-11-29,136.62531986602622,125.25418649601254,148.76836667210938
2022-11-30,136.65211406507157,125.1928243534105,148.81900148068146
2022-12-01,136.60554571220746,124.86107731926745,147.53206934481705
2022-12-02,136.62740092490452,125.03979536136178,147.96889530743283
2022-12-03,136.24872218773612,123.7286232656367,147.77510024790095
